-- You can use this file to load seed data into the database using SQL statements

-- insert into Registrant3(id, name, email, phone_number) values (0, 'John Smith', 'john.smith@mailinator.com', '2125551212') 


INSERT INTO `Log` (`id`,`fecha`,`modelo`,`referencia`,`usuario`,`log`) VALUES (1,'2014-05-05','Cliente','Modificacion','Test','prueba1');
INSERT INTO `Log` (`id`,`fecha`,`modelo`,`referencia`,`usuario`,`log`) VALUES (2,'2014-05-06','Cliente','Modificacion','Test','test');
INSERT INTO `Log` (`id`,`fecha`,`modelo`,`referencia`,`usuario`,`log`) VALUES (3,'2014-06-07','Cliente','Modificacion','Test','test');
INSERT INTO `Log` (`id`,`fecha`,`modelo`,`referencia`,`usuario`,`log`) VALUES (4,'2014-06-08','Cliente','Modificacion','Test','test');
INSERT INTO `Log` (`id`,`fecha`,`modelo`,`referencia`,`usuario`,`log`) VALUES (5,'2014-06-07','ModeloTest','Modificacion','Test','test');
INSERT INTO `Log` (`id`,`fecha`,`modelo`,`referencia`,`usuario`,`log`) VALUES (6,'2014-06-07','ModeloTest','Modificacion','Test','test');
INSERT INTO `Log` (`id`,`fecha`,`modelo`,`referencia`,`usuario`,`log`) VALUES (7,'2014-06-08','ModeloTest','Modificacion','Test','test');
INSERT INTO `Log` (`id`,`fecha`,`modelo`,`referencia`,`usuario`,`log`) VALUES (8,'2014-06-07','ModeloTest','Modificacion','Test','test');
INSERT INTO `Log` (`id`,`fecha`,`modelo`,`referencia`,`usuario`,`log`) VALUES (9,'2014-06-07','ModeloTest','Modificacion','Test','test');
INSERT INTO `Log` (`id`,`fecha`,`modelo`,`referencia`,`usuario`,`log`) VALUES (10,'2014-06-07','ModeloTest','Modificacion','Test','test');
INSERT INTO `Log` (`id`,`fecha`,`modelo`,`referencia`,`usuario`,`log`) VALUES (11,'2014-06-07','ModeloTest','Modificacion','Test','test');
INSERT INTO `Log` (`id`,`fecha`,`modelo`,`referencia`,`usuario`,`log`) VALUES (12,'2014-06-07','ModeloTest','Modificacion','Test','test');
INSERT INTO `Log` (`id`,`fecha`,`modelo`,`referencia`,`usuario`,`log`) VALUES (13,'2014-06-08','ModeloTest','Modificacion','Test','test');
INSERT INTO `Log` (`id`,`fecha`,`modelo`,`referencia`,`usuario`,`log`) VALUES (14,'2014-06-07','ModeloTest','Modificacion','Test','test');
INSERT INTO `Log` (`id`,`fecha`,`modelo`,`referencia`,`usuario`,`log`) VALUES (15,'2014-06-07','ModeloTest','Modificacion','Test','test');
INSERT INTO `Log` (`id`,`fecha`,`modelo`,`referencia`,`usuario`,`log`) VALUES (16,'2014-06-08','ModeloTest','Modificacion','Test','test');
INSERT INTO `Log` (`id`,`fecha`,`modelo`,`referencia`,`usuario`,`log`) VALUES (17,'2014-06-07','ModeloTest','Modificacion','Test','test');
INSERT INTO `Log` (`id`,`fecha`,`modelo`,`referencia`,`usuario`,`log`) VALUES (18,'2014-06-07','ModeloTest','Modificacion','Test','test');

--CY9rzUYh03PK3k6DJie09g==   =   test
INSERT INTO `Usuarios` (`usuario`, `referencia`, `password`, `estado`, `rol`, `adm_creacion`, `adm_actualizacion`, `adm_usuario`) VALUES ('cardholder0', '111111101', 'CY9rzUYh03PK3k6DJie09g==', 'A', 'cardholder', parsedatetime('17-09-2012 18:47:52.69', 'dd-MM-yyyy hh:mm:ss.SS'), NULL, 'admintest');
INSERT INTO `Usuarios` (`usuario`, `referencia`, `password`, `estado`, `rol`, `adm_creacion`, `adm_actualizacion`, `adm_usuario`) VALUES ('cardholder1', '111111102', 'CY9rzUYh03PK3k6DJie09g==', 'A', 'cardholder', parsedatetime('17-09-2012 18:47:52.69', 'dd-MM-yyyy hh:mm:ss.SS'), NULL, 'admintest');
INSERT INTO `Usuarios` (`usuario`, `referencia`, `password`, `estado`, `rol`, `adm_creacion`, `adm_actualizacion`, `adm_usuario`) VALUES ('cardholder2', '111111103', 'CY9rzUYh03PK3k6DJie09g==', 'A', 'cardholder', parsedatetime('17-09-2012 18:47:52.69', 'dd-MM-yyyy hh:mm:ss.SS'), NULL, 'admintest');
INSERT INTO `Usuarios` (`usuario`, `referencia`, `password`, `estado`, `rol`, `adm_creacion`, `adm_actualizacion`, `adm_usuario`) VALUES ('cardholder3', '111111104', 'CY9rzUYh03PK3k6DJie09g==', 'A', 'cardholder', parsedatetime('17-09-2012 18:47:52.69', 'dd-MM-yyyy hh:mm:ss.SS'), NULL, 'admintest');
INSERT INTO `Usuarios` (`usuario`, `referencia`, `password`, `estado`, `rol`, `adm_creacion`, `adm_actualizacion`, `adm_usuario`) VALUES ('bank0'      , 'Entidad1' , 'CY9rzUYh03PK3k6DJie09g==', 'A', 'bank'      , parsedatetime('17-09-2012 18:47:52.69', 'dd-MM-yyyy hh:mm:ss.SS'), NULL, 'admintest');
INSERT INTO `Usuarios` (`usuario`, `referencia`, `password`, `estado`, `rol`, `adm_creacion`, `adm_actualizacion`, `adm_usuario`) VALUES ('bank1'      , 'Entidad2' , 'CY9rzUYh03PK3k6DJie09g==', 'A', 'bank'      , parsedatetime('17-09-2012 18:47:52.69', 'dd-MM-yyyy hh:mm:ss.SS'), NULL, 'admintest');
INSERT INTO `Usuarios` (`usuario`, `referencia`, `password`, `estado`, `rol`, `adm_creacion`, `adm_actualizacion`, `adm_usuario`) VALUES ('bank2'      , 'Entidad3' , 'CY9rzUYh03PK3k6DJie09g==', 'A', 'bank'      , parsedatetime('17-09-2012 18:47:52.69', 'dd-MM-yyyy hh:mm:ss.SS'), NULL, 'admintest');
INSERT INTO `Usuarios` (`usuario`, `referencia`, `password`, `estado`, `rol`, `adm_creacion`, `adm_actualizacion`, `adm_usuario`) VALUES ('bank3'      , 'Entidad4' , 'CY9rzUYh03PK3k6DJie09g==', 'A', 'bank'      , parsedatetime('17-09-2012 18:47:52.69', 'dd-MM-yyyy hh:mm:ss.SS'), NULL, 'admintest');
INSERT INTO `Usuarios` (`usuario`, `referencia`, `password`, `estado`, `rol`, `adm_creacion`, `adm_actualizacion`, `adm_usuario`) VALUES ('merchand0'  , 'COM00001' , 'CY9rzUYh03PK3k6DJie09g==', 'A', 'merchand'  , parsedatetime('17-09-2012 18:47:52.69', 'dd-MM-yyyy hh:mm:ss.SS'), NULL, 'admintest');
INSERT INTO `Usuarios` (`usuario`, `referencia`, `password`, `estado`, `rol`, `adm_creacion`, `adm_actualizacion`, `adm_usuario`) VALUES ('merchand1'  , 'COM00002' , 'CY9rzUYh03PK3k6DJie09g==', 'A', 'merchand'  , parsedatetime('17-09-2012 18:47:52.69', 'dd-MM-yyyy hh:mm:ss.SS'), NULL, 'admintest');
INSERT INTO `Usuarios` (`usuario`, `referencia`, `password`, `estado`, `rol`, `adm_creacion`, `adm_actualizacion`, `adm_usuario`) VALUES ('merchand2'  , 'COM00003' , 'CY9rzUYh03PK3k6DJie09g==', 'A', 'merchand'  , parsedatetime('17-09-2012 18:47:52.69', 'dd-MM-yyyy hh:mm:ss.SS'), NULL, 'admintest');


INSERT INTO `Entidades` (`id`, `referencia`, `nombre`, `estado`, `pais`, `url`, `contactos`, `adm_creacion`, `adm_actualizacion`, `adm_usuario`) VALUES (1,  'Entidad1', 'Banco1', 'A', 'Costa Rica', 'http://www.banco.com','telefono:21511514;email:contacto@banco.com;Apt:90210' , parsedatetime('17-09-2012 18:47:52.69', 'dd-MM-yyyy hh:mm:ss.SS'), NULL, 'admin');
INSERT INTO `Entidades` (`id`, `referencia`, `nombre`, `estado`, `pais`, `url`, `contactos`, `adm_creacion`, `adm_actualizacion`, `adm_usuario`) VALUES (2,  'Entidad2', 'Banco2', 'A', 'Costa Rica', 'http://www.banco.com','telefono:21511514;email:contacto@banco.com;Apt:90210' , parsedatetime('17-09-2012 18:47:52.69', 'dd-MM-yyyy hh:mm:ss.SS'), NULL, 'admin');
INSERT INTO `Entidades` (`id`, `referencia`, `nombre`, `estado`, `pais`, `url`, `contactos`, `adm_creacion`, `adm_actualizacion`, `adm_usuario`) VALUES (3,  'Entidad3', 'Banco3', 'A', 'Costa Rica', 'http://www.banco.com','telefono:21511514;email:contacto@banco.com;Apt:90210' , parsedatetime('17-09-2012 18:47:52.69', 'dd-MM-yyyy hh:mm:ss.SS'), NULL, 'admin');
INSERT INTO `Entidades` (`id`, `referencia`, `nombre`, `estado`, `pais`, `url`, `contactos`, `adm_creacion`, `adm_actualizacion`, `adm_usuario`) VALUES (4,  'Entidad4', 'Banco4', 'A', 'Costa Rica', 'http://www.banco.com','telefono:21511514;email:contacto@banco.com;Apt:90210' , parsedatetime('17-09-2012 18:47:52.69', 'dd-MM-yyyy hh:mm:ss.SS'), NULL, 'admin');
INSERT INTO `Entidades` (`id`, `referencia`, `nombre`, `estado`, `pais`, `url`, `contactos`, `adm_creacion`, `adm_actualizacion`, `adm_usuario`) VALUES (5,  'Entidad5', 'Banco5', 'A', 'Costa Rica', 'http://www.banco.com','telefono:21511514;email:contacto@banco.com;Apt:90210' , parsedatetime('17-09-2012 18:47:52.69', 'dd-MM-yyyy hh:mm:ss.SS'), NULL, 'admin');
INSERT INTO `Entidades` (`id`, `referencia`, `nombre`, `estado`, `pais`, `url`, `contactos`, `adm_creacion`, `adm_actualizacion`, `adm_usuario`) VALUES (6,  'Entidad6', 'Banco6', 'I', 'Costa Rica', 'http://www.banco.com','telefono:21511514;email:contacto@banco.com;Apt:90210' , parsedatetime('17-09-2012 18:47:52.69', 'dd-MM-yyyy hh:mm:ss.SS'), NULL, 'admin');
INSERT INTO `Entidades` (`id`, `referencia`, `nombre`, `estado`, `pais`, `url`, `contactos`, `adm_creacion`, `adm_actualizacion`, `adm_usuario`) VALUES (7,  'Entidad7', 'Banco7', 'I', 'Costa Rica', 'http://www.banco.com','telefono:21511514;email:contacto@banco.com;Apt:90210' , parsedatetime('17-09-2012 18:47:52.69', 'dd-MM-yyyy hh:mm:ss.SS'), NULL, 'admin');
INSERT INTO `Entidades` (`id`, `referencia`, `nombre`, `estado`, `pais`, `url`, `contactos`, `adm_creacion`, `adm_actualizacion`, `adm_usuario`) VALUES (8,  'Entidad8', 'Banco8', 'A', 'Costa Rica', 'http://www.banco.com','telefono:21511514;email:contacto@banco.com;Apt:90210' , parsedatetime('17-09-2012 18:47:52.69', 'dd-MM-yyyy hh:mm:ss.SS'), NULL, 'admin');
INSERT INTO `Entidades` (`id`, `referencia`, `nombre`, `estado`, `pais`, `url`, `contactos`, `adm_creacion`, `adm_actualizacion`, `adm_usuario`) VALUES (9,  'Entidad9', 'Banco9', 'A', 'Costa Rica', 'http://www.banco.com','telefono:21511514;email:contacto@banco.com;Apt:90210' , parsedatetime('17-09-2012 18:47:52.69', 'dd-MM-yyyy hh:mm:ss.SS'), NULL, 'admin');
INSERT INTO `Entidades` (`id`, `referencia`, `nombre`, `estado`, `pais`, `url`, `contactos`, `adm_creacion`, `adm_actualizacion`, `adm_usuario`) VALUES (10, 'Entidad10','Banc10', 'A', 'Costa Rica', 'http://www.banco.com','telefono:21511514;email:contacto@banco.com;Apt:90210' , parsedatetime('17-09-2012 18:47:52.69', 'dd-MM-yyyy hh:mm:ss.SS'), NULL, 'admin');
INSERT INTO `Entidades` (`id`, `referencia`, `nombre`, `estado`, `pais`, `url`, `contactos`, `adm_creacion`, `adm_actualizacion`, `adm_usuario`) VALUES (11, 'Entidad11','Banc11', 'A', 'Costa Rica', 'http://www.banco.com','telefono:21511514;email:contacto@banco.com;Apt:90210' , parsedatetime('17-09-2012 18:47:52.69', 'dd-MM-yyyy hh:mm:ss.SS'), NULL, 'admin');
INSERT INTO `Entidades` (`id`, `referencia`, `nombre`, `estado`, `pais`, `url`, `contactos`, `adm_creacion`, `adm_actualizacion`, `adm_usuario`) VALUES (12, 'Entidad12','Banc12', 'A', 'Costa Rica', 'http://www.banco.com','telefono:21511514;email:contacto@banco.com;Apt:90210' , parsedatetime('17-09-2012 18:47:52.69', 'dd-MM-yyyy hh:mm:ss.SS'), NULL, 'admin');


INSERT INTO `Cierres` (`id`, `fecha`, `entidad_id`, `adm_usuario`) VALUES (1, '2014-08-08', 1, 'system');
INSERT INTO `Cierres` (`id`, `fecha`, `entidad_id`, `adm_usuario`) VALUES (2, '2014-08-08', 2, 'system');
INSERT INTO `Cierres` (`id`, `fecha`, `entidad_id`, `adm_usuario`) VALUES (3, '2014-08-08', 3, 'system');
INSERT INTO `Cierres` (`id`, `fecha`, `entidad_id`, `adm_usuario`) VALUES (4, '2014-08-08', 4, 'system');
INSERT INTO `Cierres` (`id`, `fecha`, `entidad_id`, `adm_usuario`) VALUES (5, '2014-08-08', 5, 'system');
INSERT INTO `Cierres` (`id`, `fecha`, `entidad_id`, `adm_usuario`) VALUES (6, '2014-08-08', 1, 'system');
INSERT INTO `Cierres` (`id`, `fecha`, `entidad_id`, `adm_usuario`) VALUES (7, '2014-08-08', 2, 'system');
INSERT INTO `Cierres` (`id`, `fecha`, `entidad_id`, `adm_usuario`) VALUES (8, '2014-08-08', 3, 'system');
INSERT INTO `Cierres` (`id`, `fecha`, `entidad_id`, `adm_usuario`) VALUES (9, '2014-08-08', 4, 'system');
INSERT INTO `Cierres` (`id`, `fecha`, `entidad_id`, `adm_usuario`) VALUES (10, '2014-08-08', 5, 'system');
INSERT INTO `Cierres` (`id`, `fecha`, `entidad_id`, `adm_usuario`) VALUES (11, '2014-08-08', 6, 'system');
INSERT INTO `Cierres` (`id`, `fecha`, `entidad_id`, `adm_usuario`) VALUES (12, '2014-08-08', 2, 'system');
INSERT INTO `Cierres` (`id`, `fecha`, `entidad_id`, `adm_usuario`) VALUES (13, '2014-08-08', 3, 'system');
INSERT INTO `Cierres` (`id`, `fecha`, `entidad_id`, `adm_usuario`) VALUES (14, '2014-08-08', 4, 'system');
INSERT INTO `Cierres` (`id`, `fecha`, `entidad_id`, `adm_usuario`) VALUES (15, '2014-08-08', 5, 'system');
INSERT INTO `Cierres` (`id`, `fecha`, `entidad_id`, `adm_usuario`) VALUES (16, '2014-08-08', 1, 'system');
INSERT INTO `Cierres` (`id`, `fecha`, `entidad_id`, `adm_usuario`) VALUES (17, '2014-08-08', 2, 'system');
INSERT INTO `Cierres` (`id`, `fecha`, `entidad_id`, `adm_usuario`) VALUES (18, '2014-08-08', 3, 'system');
INSERT INTO `Cierres` (`id`, `fecha`, `entidad_id`, `adm_usuario`) VALUES (19, '2014-08-08', 4, 'system');
INSERT INTO `Cierres` (`id`, `fecha`, `entidad_id`, `adm_usuario`) VALUES (20, '2014-08-08', 5, 'system');
INSERT INTO `Cierres` (`id`, `fecha`, `entidad_id`, `adm_usuario`) VALUES (21, '2014-08-08', 6, 'system');
INSERT INTO `Cierres` (`id`, `fecha`, `entidad_id`, `adm_usuario`) VALUES (22, '2014-08-08', 7, 'system');
INSERT INTO `Cierres` (`id`, `fecha`, `entidad_id`, `adm_usuario`) VALUES (23, '2014-08-08', 8, 'system');
INSERT INTO `Cierres` (`id`, `fecha`, `entidad_id`, `adm_usuario`) VALUES (24, '2014-08-08', 9, 'system');
INSERT INTO `Cierres` (`id`, `fecha`, `entidad_id`, `adm_usuario`) VALUES (25, '2014-08-08', 10, 'system');
INSERT INTO `Cierres` (`id`, `fecha`, `entidad_id`, `adm_usuario`) VALUES (26, '2014-08-08', 11, 'system');
INSERT INTO `Cierres` (`id`, `fecha`, `entidad_id`, `adm_usuario`) VALUES (27, '2014-08-08', 12, 'system');
INSERT INTO `Cierres` (`id`, `fecha`, `entidad_id`, `adm_usuario`) VALUES (28, '2014-08-08', 3, 'system');
INSERT INTO `Cierres` (`id`, `fecha`, `entidad_id`, `adm_usuario`) VALUES (29, '2014-08-08', 4, 'system');
INSERT INTO `Cierres` (`id`, `fecha`, `entidad_id`, `adm_usuario`) VALUES (30, '2014-08-08', 5, 'system');


//clientes
INSERT INTO `Clientes` (`id`, `identificacion`, `tipo_identificacion`, `tipo_cliente`, `nombre`, `apellido1`, `apellido2`, `fecha_nacimiento`, `pais`, `ciudad`, `direccion`, `contactos`, `entidad_id`, `adm_creacion`, `adm_actualizacion`, `adm_usuario`) VALUES ( 1, '111111101', 'JURIDICA', 'CADENA_COMERCIO', 'PALI SA'             , 'SUPERMERCADOS UNIDOS', ''      , NULL        , 'COSTA RICA', ''          , ''                     , 'telefono:21511514;email:contacto@banco.com;Apt:90210', 1, parsedatetime('17-09-2012 18:47:52.69', 'dd-MM-yyyy hh:mm:ss.SS'), NULL, 'admin');
INSERT INTO `Clientes` (`id`, `identificacion`, `tipo_identificacion`, `tipo_cliente`, `nombre`, `apellido1`, `apellido2`, `fecha_nacimiento`, `pais`, `ciudad`, `direccion`, `contactos`, `entidad_id`, `adm_creacion`, `adm_actualizacion`, `adm_usuario`) VALUES ( 2, '111111102', 'FISICA',   'TARJETAHABIENTE', 'Juan'                , 'Mora'                , 'Quiros', '1980-05-05', 'COSTA RICA', 'Alajuela'  , 'Urb Monte Alto'       , 'telefono:21511514;email:contacto@banco.com;Apt:90210', 1, parsedatetime('17-09-2012 18:47:52.69', 'dd-MM-yyyy hh:mm:ss.SS'), NULL, 'admin');
INSERT INTO `Clientes` (`id`, `identificacion`, `tipo_identificacion`, `tipo_cliente`, `nombre`, `apellido1`, `apellido2`, `fecha_nacimiento`, `pais`, `ciudad`, `direccion`, `contactos`, `entidad_id`, `adm_creacion`, `adm_actualizacion`, `adm_usuario`) VALUES ( 3, '111111103', 'FISICA',   'CUENTAS'        , 'Maria'               , 'Perez'               , ''      , '1981-06-06', 'COSTA RICA', 'Heredia'   , 'Barrio Los Angeles'   , 'telefono:21511514;email:contacto@banco.com;Apt:90210', 1, parsedatetime('17-09-2012 18:47:52.69', 'dd-MM-yyyy hh:mm:ss.SS'), NULL, 'admin');
INSERT INTO `Clientes` (`id`, `identificacion`, `tipo_identificacion`, `tipo_cliente`, `nombre`, `apellido1`, `apellido2`, `fecha_nacimiento`, `pais`, `ciudad`, `direccion`, `contactos`, `entidad_id`, `adm_creacion`, `adm_actualizacion`, `adm_usuario`) VALUES ( 4, '111111104', 'JURIDICA', 'COMERCIO'       , 'Veterinaria PACIFICO', 'SUPERMERCADOS UNIDOS', ''      , NULL        , 'COSTA RICA', 'San Jose'  , 'Alajuela Paradas 1520', 'telefono:21511514;email:contacto@banco.com;Apt:90210', 1, parsedatetime('17-09-2012 18:47:52.69', 'dd-MM-yyyy hh:mm:ss.SS'), NULL, 'admin');
INSERT INTO `Clientes` (`id`, `identificacion`, `tipo_identificacion`, `tipo_cliente`, `nombre`, `apellido1`, `apellido2`, `fecha_nacimiento`, `pais`, `ciudad`, `direccion`, `contactos`, `entidad_id`, `adm_creacion`, `adm_actualizacion`, `adm_usuario`) VALUES ( 5, '111111105', 'JURIDICA', 'CADENA_COMERCIO', 'Fishely'             , 'SUPERMERCADOS UNIDOS', ''      , NULL        , 'COSTA RICA', ''          , ''                     , 'telefono:21511514;email:contacto@banco.com;Apt:90210', 1, parsedatetime('17-09-2012 18:47:52.69', 'dd-MM-yyyy hh:mm:ss.SS'), NULL, 'admin');
INSERT INTO `Clientes` (`id`, `identificacion`, `tipo_identificacion`, `tipo_cliente`, `nombre`, `apellido1`, `apellido2`, `fecha_nacimiento`, `pais`, `ciudad`, `direccion`, `contactos`, `entidad_id`, `adm_creacion`, `adm_actualizacion`, `adm_usuario`) VALUES ( 6, '111111106', 'FISICA',   'TARJETAHABIENTE', 'Juan'                , 'Mora'                , 'Quiros', '1980-05-05', 'COSTA RICA', 'Alajuela'  , 'Urb Green Alto'       , 'telefono:21511514;email:contacto@banco.com;Apt:90210', 1, parsedatetime('17-09-2012 18:47:52.69', 'dd-MM-yyyy hh:mm:ss.SS'), NULL, 'admin');
INSERT INTO `Clientes` (`id`, `identificacion`, `tipo_identificacion`, `tipo_cliente`, `nombre`, `apellido1`, `apellido2`, `fecha_nacimiento`, `pais`, `ciudad`, `direccion`, `contactos`, `entidad_id`, `adm_creacion`, `adm_actualizacion`, `adm_usuario`) VALUES ( 7, '111111107', 'FISICA',   'CUENTAS'        , 'Ligia'               , 'Perez'               , ''      , '1981-06-06', 'COSTA RICA', 'Heredia'   , 'Barrio MOrales'       , 'telefono:21511514;email:contacto@banco.com;Apt:90210', 1, parsedatetime('17-09-2012 18:47:52.69', 'dd-MM-yyyy hh:mm:ss.SS'), NULL, 'admin');
INSERT INTO `Clientes` (`id`, `identificacion`, `tipo_identificacion`, `tipo_cliente`, `nombre`, `apellido1`, `apellido2`, `fecha_nacimiento`, `pais`, `ciudad`, `direccion`, `contactos`, `entidad_id`, `adm_creacion`, `adm_actualizacion`, `adm_usuario`) VALUES ( 8, '111111108', 'JURIDICA', 'COMERCIO'       , 'Peluqueria PACIFICO' , 'SUPERMERCADOS UNIDOS', ''      , NULL        , 'COSTA RICA', 'Alajuela'  , 'Alajuela Paradas 1520', 'telefono:21511514;email:contacto@banco.com;Apt:90210', 1, parsedatetime('17-09-2012 18:47:52.69', 'dd-MM-yyyy hh:mm:ss.SS'), NULL, 'admin');
INSERT INTO `Clientes` (`id`, `identificacion`, `tipo_identificacion`, `tipo_cliente`, `nombre`, `apellido1`, `apellido2`, `fecha_nacimiento`, `pais`, `ciudad`, `direccion`, `contactos`, `entidad_id`, `adm_creacion`, `adm_actualizacion`, `adm_usuario`) VALUES ( 9, '111111109', 'JURIDICA', 'CADENA_COMERCIO', 'Vennz'               , 'SUPERMERCADOS UNIDOS', ''      , NULL        , 'COSTA RICA', ''          , ''                     , 'telefono:21511514;email:contacto@banco.com;Apt:90210', 1, parsedatetime('17-09-2012 18:47:52.69', 'dd-MM-yyyy hh:mm:ss.SS'), NULL, 'admin');
INSERT INTO `Clientes` (`id`, `identificacion`, `tipo_identificacion`, `tipo_cliente`, `nombre`, `apellido1`, `apellido2`, `fecha_nacimiento`, `pais`, `ciudad`, `direccion`, `contactos`, `entidad_id`, `adm_creacion`, `adm_actualizacion`, `adm_usuario`) VALUES (10, '111111110', 'FISICA',   'TARJETAHABIENTE', 'Juan'                , 'Mora'                , 'Quiros', '1980-05-05', 'COSTA RICA', 'PUntarenas', 'Urb LIndor Alto'      , 'telefono:21511514;email:contacto@banco.com;Apt:90210', 1, parsedatetime('17-09-2012 18:47:52.69', 'dd-MM-yyyy hh:mm:ss.SS'), NULL, 'admin');
INSERT INTO `Clientes` (`id`, `identificacion`, `tipo_identificacion`, `tipo_cliente`, `nombre`, `apellido1`, `apellido2`, `fecha_nacimiento`, `pais`, `ciudad`, `direccion`, `contactos`, `entidad_id`, `adm_creacion`, `adm_actualizacion`, `adm_usuario`) VALUES (11, '111111111', 'FISICA',   'CUENTAS'        , 'Roberto'             , 'Perez'               , ''      , '1981-06-06', 'COSTA RICA', 'Heredia'   , 'Barrio Unido'         , 'telefono:21511514;email:contacto@banco.com;Apt:90210', 1, parsedatetime('17-09-2012 18:47:52.69', 'dd-MM-yyyy hh:mm:ss.SS'), NULL, 'admin');
INSERT INTO `Clientes` (`id`, `identificacion`, `tipo_identificacion`, `tipo_cliente`, `nombre`, `apellido1`, `apellido2`, `fecha_nacimiento`, `pais`, `ciudad`, `direccion`, `contactos`, `entidad_id`, `adm_creacion`, `adm_actualizacion`, `adm_usuario`) VALUES (12, '111111112', 'JURIDICA', 'CADENA_COMERCIO', 'PALI SA'             , 'SUPERMERCADOS UNIDOS', ''      , NULL        , 'COSTA RICA', ''          , ''                     , 'telefono:21511514;email:contacto@banco.com;Apt:90210', 1, parsedatetime('17-09-2012 18:47:52.69', 'dd-MM-yyyy hh:mm:ss.SS'), NULL, 'admin');
INSERT INTO `Clientes` (`id`, `identificacion`, `tipo_identificacion`, `tipo_cliente`, `nombre`, `apellido1`, `apellido2`, `fecha_nacimiento`, `pais`, `ciudad`, `direccion`, `contactos`, `entidad_id`, `adm_creacion`, `adm_actualizacion`, `adm_usuario`) VALUES (13, '111111113', 'FISICA',   'CUENTAS'        , 'Maria'               , 'Perez'               , ''      , '1981-06-06', 'COSTA RICA', 'Heredia'   , 'Barrio Los Angeles'   , 'telefono:21511514;email:contacto@banco.com;Apt:90210', 1, parsedatetime('17-09-2012 18:47:52.69', 'dd-MM-yyyy hh:mm:ss.SS'), NULL, 'admin');
INSERT INTO `Clientes` (`id`, `identificacion`, `tipo_identificacion`, `tipo_cliente`, `nombre`, `apellido1`, `apellido2`, `fecha_nacimiento`, `pais`, `ciudad`, `direccion`, `contactos`, `entidad_id`, `adm_creacion`, `adm_actualizacion`, `adm_usuario`) VALUES (14, '111111114', 'JURIDICA', 'COMERCIO'       , 'Fruteria PACIFICO'   , 'SUPERMERCADOS UNIDOS', ''      , NULL        , 'COSTA RICA', 'San Jose'  , 'Alajuela Paradas 1520', 'telefono:21511514;email:contacto@banco.com;Apt:90210', 1, parsedatetime('17-09-2012 18:47:52.69', 'dd-MM-yyyy hh:mm:ss.SS'), NULL, 'admin');
INSERT INTO `Clientes` (`id`, `identificacion`, `tipo_identificacion`, `tipo_cliente`, `nombre`, `apellido1`, `apellido2`, `fecha_nacimiento`, `pais`, `ciudad`, `direccion`, `contactos`, `entidad_id`, `adm_creacion`, `adm_actualizacion`, `adm_usuario`) VALUES (15, '111111115', 'JURIDICA', 'CADENA_COMERCIO', 'Catedral'            , 'SUPERMERCADOS UNIDOS', ''      , NULL        , 'COSTA RICA', ''          , ''                     , 'telefono:21511514;email:contacto@banco.com;Apt:90210', 1, parsedatetime('17-09-2012 18:47:52.69', 'dd-MM-yyyy hh:mm:ss.SS'), NULL, 'admin');
INSERT INTO `Clientes` (`id`, `identificacion`, `tipo_identificacion`, `tipo_cliente`, `nombre`, `apellido1`, `apellido2`, `fecha_nacimiento`, `pais`, `ciudad`, `direccion`, `contactos`, `entidad_id`, `adm_creacion`, `adm_actualizacion`, `adm_usuario`) VALUES (16, '111111116', 'FISICA',   'TARJETAHABIENTE', 'Kami'                , 'Mora'                , 'Ledezm', '1980-05-05', 'COSTA RICA', 'Alajuela'  , 'Urb Green Alto'       , 'telefono:21511514;email:contacto@banco.com;Apt:90210', 1, parsedatetime('17-09-2012 18:47:52.69', 'dd-MM-yyyy hh:mm:ss.SS'), NULL, 'admin');
INSERT INTO `Clientes` (`id`, `identificacion`, `tipo_identificacion`, `tipo_cliente`, `nombre`, `apellido1`, `apellido2`, `fecha_nacimiento`, `pais`, `ciudad`, `direccion`, `contactos`, `entidad_id`, `adm_creacion`, `adm_actualizacion`, `adm_usuario`) VALUES (17, '111111117', 'FISICA',   'CUENTAS'        , 'Victo'               , 'Perez'               , ''      , '1981-06-06', 'COSTA RICA', 'Heredia'   , 'Barrio MOrales'       , 'telefono:21511514;email:contacto@banco.com;Apt:90210', 1, parsedatetime('17-09-2012 18:47:52.69', 'dd-MM-yyyy hh:mm:ss.SS'), NULL, 'admin');
INSERT INTO `Clientes` (`id`, `identificacion`, `tipo_identificacion`, `tipo_cliente`, `nombre`, `apellido1`, `apellido2`, `fecha_nacimiento`, `pais`, `ciudad`, `direccion`, `contactos`, `entidad_id`, `adm_creacion`, `adm_actualizacion`, `adm_usuario`) VALUES (18, '111111118', 'JURIDICA', 'COMERCIO'       , 'Adoquineri PACIFICO' , 'SUPERMERCADOS UNIDOS', ''      , NULL        , 'COSTA RICA', 'Alajuela'  , 'Alajuela Paradas 1520', 'telefono:21511514;email:contacto@banco.com;Apt:90210', 1, parsedatetime('17-09-2012 18:47:52.69', 'dd-MM-yyyy hh:mm:ss.SS'), NULL, 'admin');
INSERT INTO `Clientes` (`id`, `identificacion`, `tipo_identificacion`, `tipo_cliente`, `nombre`, `apellido1`, `apellido2`, `fecha_nacimiento`, `pais`, `ciudad`, `direccion`, `contactos`, `entidad_id`, `adm_creacion`, `adm_actualizacion`, `adm_usuario`) VALUES (19, '111111119', 'JURIDICA', 'CADENA_COMERCIO', 'Vennz'               , 'SUPERMERCADOS UNIDOS', ''      , NULL        , 'COSTA RICA', ''          , ''                     , 'telefono:21511514;email:contacto@banco.com;Apt:90210', 1, parsedatetime('17-09-2012 18:47:52.69', 'dd-MM-yyyy hh:mm:ss.SS'), NULL, 'admin');
INSERT INTO `Clientes` (`id`, `identificacion`, `tipo_identificacion`, `tipo_cliente`, `nombre`, `apellido1`, `apellido2`, `fecha_nacimiento`, `pais`, `ciudad`, `direccion`, `contactos`, `entidad_id`, `adm_creacion`, `adm_actualizacion`, `adm_usuario`) VALUES (20, '111111120', 'JURIDICA', 'COMERCIO'       , 'BAR PACIFICO'        , 'SUPERMERCADOS UNIDOS', ''      , NULL        , 'COSTA RICA', 'San Jose'  , 'Alajuela Paradas 1520', 'telefono:21511514;email:contacto@banco.com;Apt:90210', 1, parsedatetime('17-09-2012 18:47:52.69', 'dd-MM-yyyy hh:mm:ss.SS'), NULL, 'admin');
INSERT INTO `Clientes` (`id`, `identificacion`, `tipo_identificacion`, `tipo_cliente`, `nombre`, `apellido1`, `apellido2`, `fecha_nacimiento`, `pais`, `ciudad`, `direccion`, `contactos`, `entidad_id`, `adm_creacion`, `adm_actualizacion`, `adm_usuario`) VALUES (21, '111111121', 'JURIDICA', 'CADENA_COMERCIO', 'TONS'                , 'SUPERMERCADOS UNIDOS', ''      , NULL        , 'COSTA RICA', ''          , ''                     , 'telefono:21511514;email:contacto@banco.com;Apt:90210', 1, parsedatetime('17-09-2012 18:47:52.69', 'dd-MM-yyyy hh:mm:ss.SS'), NULL, 'admin');
INSERT INTO `Clientes` (`id`, `identificacion`, `tipo_identificacion`, `tipo_cliente`, `nombre`, `apellido1`, `apellido2`, `fecha_nacimiento`, `pais`, `ciudad`, `direccion`, `contactos`, `entidad_id`, `adm_creacion`, `adm_actualizacion`, `adm_usuario`) VALUES (22, '111111122', 'FISICA',   'TARJETAHABIENTE', 'Samanth'             , 'Mora'                , 'Quiros', '1980-05-05', 'COSTA RICA', 'Alajuela'  , 'Urb Green Alto'       , 'telefono:21511514;email:contacto@banco.com;Apt:90210', 1, parsedatetime('17-09-2012 18:47:52.69', 'dd-MM-yyyy hh:mm:ss.SS'), NULL, 'admin');
INSERT INTO `Clientes` (`id`, `identificacion`, `tipo_identificacion`, `tipo_cliente`, `nombre`, `apellido1`, `apellido2`, `fecha_nacimiento`, `pais`, `ciudad`, `direccion`, `contactos`, `entidad_id`, `adm_creacion`, `adm_actualizacion`, `adm_usuario`) VALUES (23, '111111123', 'FISICA',   'CUENTAS'        , 'Club'                , 'Perez'               , ''      , '1981-06-06', 'COSTA RICA', 'Heredia'   , 'Barrio MOrales'       , 'telefono:21511514;email:contacto@banco.com;Apt:90210', 1, parsedatetime('17-09-2012 18:47:52.69', 'dd-MM-yyyy hh:mm:ss.SS'), NULL, 'admin');
INSERT INTO `Clientes` (`id`, `identificacion`, `tipo_identificacion`, `tipo_cliente`, `nombre`, `apellido1`, `apellido2`, `fecha_nacimiento`, `pais`, `ciudad`, `direccion`, `contactos`, `entidad_id`, `adm_creacion`, `adm_actualizacion`, `adm_usuario`) VALUES (24, '111111124', 'JURIDICA', 'COMERCIO'       , 'Carniceria PACIFICO' , 'SUPERMERCADOS UNIDOS', ''      , NULL        , 'COSTA RICA', 'Alajuela'  , 'Alajuela Paradas 1520', 'telefono:21511514;email:contacto@banco.com;Apt:90210', 1, parsedatetime('17-09-2012 18:47:52.69', 'dd-MM-yyyy hh:mm:ss.SS'), NULL, 'admin');
INSERT INTO `Clientes` (`id`, `identificacion`, `tipo_identificacion`, `tipo_cliente`, `nombre`, `apellido1`, `apellido2`, `fecha_nacimiento`, `pais`, `ciudad`, `direccion`, `contactos`, `entidad_id`, `adm_creacion`, `adm_actualizacion`, `adm_usuario`) VALUES (25, '111111125', 'JURIDICA', 'CADENA_COMERCIO', 'Bodons'              , 'SUPERMERCADOS UNIDOS', ''      , NULL        , 'COSTA RICA', ''          , ''                     , 'telefono:21511514;email:contacto@banco.com;Apt:90210', 1, parsedatetime('17-09-2012 18:47:52.69', 'dd-MM-yyyy hh:mm:ss.SS'), NULL, 'admin');
INSERT INTO `Clientes` (`id`, `identificacion`, `tipo_identificacion`, `tipo_cliente`, `nombre`, `apellido1`, `apellido2`, `fecha_nacimiento`, `pais`, `ciudad`, `direccion`, `contactos`, `entidad_id`, `adm_creacion`, `adm_actualizacion`, `adm_usuario`) VALUES (26, '111111126', 'FISICA',   'TARJETAHABIENTE', 'Juan'                , 'Mora'                , 'Kurosa', '1980-05-05', 'COSTA RICA', 'PUntarenas', 'Urb LIndor Alto'      , 'telefono:21511514;email:contacto@banco.com;Apt:90210', 1, parsedatetime('17-09-2012 18:47:52.69', 'dd-MM-yyyy hh:mm:ss.SS'), NULL, 'admin');
INSERT INTO `Clientes` (`id`, `identificacion`, `tipo_identificacion`, `tipo_cliente`, `nombre`, `apellido1`, `apellido2`, `fecha_nacimiento`, `pais`, `ciudad`, `direccion`, `contactos`, `entidad_id`, `adm_creacion`, `adm_actualizacion`, `adm_usuario`) VALUES (27, '111111127', 'FISICA',   'CUENTAS'        , 'BEnito'              , 'Perez'               , ''      , '1981-06-06', 'COSTA RICA', 'Heredia'   , 'Barrio Unido'         , 'telefono:21511514;email:contacto@banco.com;Apt:90210', 1, parsedatetime('17-09-2012 18:47:52.69', 'dd-MM-yyyy hh:mm:ss.SS'), NULL, 'admin');
INSERT INTO `Clientes` (`id`, `identificacion`, `tipo_identificacion`, `tipo_cliente`, `nombre`, `apellido1`, `apellido2`, `fecha_nacimiento`, `pais`, `ciudad`, `direccion`, `contactos`, `entidad_id`, `adm_creacion`, `adm_actualizacion`, `adm_usuario`) VALUES (28, '111111128', 'JURIDICA', 'COMERCIO'       , 'MAX PACIFICO'        , 'SUPERMERCADOS UNIDOS', ''      , NULL        , 'COSTA RICA', 'Limon'     , 'Alajuela Paradas 1520', 'telefono:21511514;email:contacto@banco.com;Apt:90210', 1, parsedatetime('17-09-2012 18:47:52.69', 'dd-MM-yyyy hh:mm:ss.SS'), NULL, 'admin');
INSERT INTO `Clientes` (`id`, `identificacion`, `tipo_identificacion`, `tipo_cliente`, `nombre`, `apellido1`, `apellido2`, `fecha_nacimiento`, `pais`, `ciudad`, `direccion`, `contactos`, `entidad_id`, `adm_creacion`, `adm_actualizacion`, `adm_usuario`) VALUES (29, '111111129', 'JURIDICA', 'CADENA_COMERCIO', 'KFC'                 , 'SUPERMERCADOS UNIDOS', ''      , NULL        , 'COSTA RICA', ''          , ''                     , 'telefono:21511514;email:contacto@banco.com;Apt:90210', 1, parsedatetime('17-09-2012 18:47:52.69', 'dd-MM-yyyy hh:mm:ss.SS'), NULL, 'admin');
INSERT INTO `Clientes` (`id`, `identificacion`, `tipo_identificacion`, `tipo_cliente`, `nombre`, `apellido1`, `apellido2`, `fecha_nacimiento`, `pais`, `ciudad`, `direccion`, `contactos`, `entidad_id`, `adm_creacion`, `adm_actualizacion`, `adm_usuario`) VALUES (30, '111111130', 'FISICA',   'TARJETAHABIENTE', 'Julio'               , 'Mora'                , 'Quiros', '1980-05-05', 'COSTA RICA', 'Cartago'   , 'Urb Lote Alto'        , 'telefono:21511514;email:contacto@banco.com;Apt:90210', 1, parsedatetime('17-09-2012 18:47:52.69', 'dd-MM-yyyy hh:mm:ss.SS'), NULL, 'admin');
INSERT INTO `Clientes` (`id`, `identificacion`, `tipo_identificacion`, `tipo_cliente`, `nombre`, `apellido1`, `apellido2`, `fecha_nacimiento`, `pais`, `ciudad`, `direccion`, `contactos`, `entidad_id`, `adm_creacion`, `adm_actualizacion`, `adm_usuario`) VALUES (31, '111111131', 'FISICA',   'CUENTAS'        , 'Jessica'             , 'Perez'               , ''      , '1981-06-06', 'COSTA RICA', 'Heredia'   , 'Barrio 123'           , 'telefono:21511514;email:contacto@banco.com;Apt:90210', 1, parsedatetime('17-09-2012 18:47:52.69', 'dd-MM-yyyy hh:mm:ss.SS'), NULL, 'admin');
INSERT INTO `Clientes` (`id`, `identificacion`, `tipo_identificacion`, `tipo_cliente`, `nombre`, `apellido1`, `apellido2`, `fecha_nacimiento`, `pais`, `ciudad`, `direccion`, `contactos`, `entidad_id`, `adm_creacion`, `adm_actualizacion`, `adm_usuario`) VALUES (32, '111111132', 'JURIDICA', 'COMERCIO'       , 'Pulperia PACIFICO'   , 'SUPERMERCADOS UNIDOS', ''      , NULL        , 'COSTA RICA', 'Alajuela'  , 'Street Paradas 1520'  , 'telefono:21511514;email:contacto@banco.com;Apt:90210', 1, parsedatetime('17-09-2012 18:47:52.69', 'dd-MM-yyyy hh:mm:ss.SS'), NULL, 'admin');
INSERT INTO `Clientes` (`id`, `identificacion`, `tipo_identificacion`, `tipo_cliente`, `nombre`, `apellido1`, `apellido2`, `fecha_nacimiento`, `pais`, `ciudad`, `direccion`, `contactos`, `entidad_id`, `adm_creacion`, `adm_actualizacion`, `adm_usuario`) VALUES (33, '111111133', 'FISICA',   'TARJETAHABIENTE', 'Juan'                , 'Mora'                , 'Quiros', '1980-05-05', 'COSTA RICA', 'PUntarenas', 'Urb LIndor Alto'      , 'telefono:21511514;email:contacto@banco.com;Apt:90210', 2, parsedatetime('17-09-2012 18:47:52.69', 'dd-MM-yyyy hh:mm:ss.SS'), NULL, 'admin');
INSERT INTO `Clientes` (`id`, `identificacion`, `tipo_identificacion`, `tipo_cliente`, `nombre`, `apellido1`, `apellido2`, `fecha_nacimiento`, `pais`, `ciudad`, `direccion`, `contactos`, `entidad_id`, `adm_creacion`, `adm_actualizacion`, `adm_usuario`) VALUES (34, '111111134', 'JURIDICA', 'COMERCIO'       , 'PALI PACIFICO'       , 'SUPERMERCADOS UNIDOS', ''      , NULL        , 'COSTA RICA', 'Limon'     , 'Alajuela Paradas 1520', 'telefono:21511514;email:contacto@banco.com;Apt:90210', 2, parsedatetime('17-09-2012 18:47:52.69', 'dd-MM-yyyy hh:mm:ss.SS'), NULL, 'admin');
INSERT INTO `Clientes` (`id`, `identificacion`, `tipo_identificacion`, `tipo_cliente`, `nombre`, `apellido1`, `apellido2`, `fecha_nacimiento`, `pais`, `ciudad`, `direccion`, `contactos`, `entidad_id`, `adm_creacion`, `adm_actualizacion`, `adm_usuario`) VALUES (35, '111111135', 'JURIDICA', 'CADENA_COMERCIO', 'Macdonas'            , 'SUPERMERCADOS UNIDOS', ''      , NULL        , 'COSTA RICA', ''          , ''                     , 'telefono:21511514;email:contacto@banco.com;Apt:90210', 2, parsedatetime('17-09-2012 18:47:52.69', 'dd-MM-yyyy hh:mm:ss.SS'), NULL, 'admin');
INSERT INTO `Clientes` (`id`, `identificacion`, `tipo_identificacion`, `tipo_cliente`, `nombre`, `apellido1`, `apellido2`, `fecha_nacimiento`, `pais`, `ciudad`, `direccion`, `contactos`, `entidad_id`, `adm_creacion`, `adm_actualizacion`, `adm_usuario`) VALUES (36, '111111136', 'FISICA',   'TARJETAHABIENTE', 'Francisco'           , 'Mora'                , 'Quiros', '1980-05-05', 'COSTA RICA', 'Cartago'   , 'Urb Lote Alto'        , 'telefono:21511514;email:contacto@banco.com;Apt:90210', 2, parsedatetime('17-09-2012 18:47:52.69', 'dd-MM-yyyy hh:mm:ss.SS'), NULL, 'admin');
INSERT INTO `Clientes` (`id`, `identificacion`, `tipo_identificacion`, `tipo_cliente`, `nombre`, `apellido1`, `apellido2`, `fecha_nacimiento`, `pais`, `ciudad`, `direccion`, `contactos`, `entidad_id`, `adm_creacion`, `adm_actualizacion`, `adm_usuario`) VALUES (37, '111111137', 'FISICA',   'CUENTAS'        , 'Michaela'            , 'Perez'               , ''      , '1981-06-06', 'COSTA RICA', 'Heredia'   , 'Barrio 123'           , 'telefono:21511514;email:contacto@banco.com;Apt:90210', 2, parsedatetime('17-09-2012 18:47:52.69', 'dd-MM-yyyy hh:mm:ss.SS'), NULL, 'admin');
INSERT INTO `Clientes` (`id`, `identificacion`, `tipo_identificacion`, `tipo_cliente`, `nombre`, `apellido1`, `apellido2`, `fecha_nacimiento`, `pais`, `ciudad`, `direccion`, `contactos`, `entidad_id`, `adm_creacion`, `adm_actualizacion`, `adm_usuario`) VALUES (38, '111111138', 'JURIDICA', 'COMERCIO'       , 'Farmacia PACIFICO'   , 'SUPERMERCADOS UNIDOS', ''      , NULL        , 'COSTA RICA', 'Alajuela'  , 'Street Paradas 1520'  , 'telefono:21511514;email:contacto@banco.com;Apt:90210', 3, parsedatetime('17-09-2012 18:47:52.69', 'dd-MM-yyyy hh:mm:ss.SS'), NULL, 'admin');
INSERT INTO `Clientes` (`id`, `identificacion`, `tipo_identificacion`, `tipo_cliente`, `nombre`, `apellido1`, `apellido2`, `fecha_nacimiento`, `pais`, `ciudad`, `direccion`, `contactos`, `entidad_id`, `adm_creacion`, `adm_actualizacion`, `adm_usuario`) VALUES (39, '111111139', 'JURIDICA', 'CADENA_COMERCIO', 'TEST SA'             , 'SUPERMERCADOS UNIDOS', ''      , NULL        , 'COSTA RICA', ''          , ''                     , 'telefono:21511514;email:contacto@banco.com;Apt:90210', 3, parsedatetime('17-09-2012 18:47:52.69', 'dd-MM-yyyy hh:mm:ss.SS'), NULL, 'admin');
INSERT INTO `Clientes` (`id`, `identificacion`, `tipo_identificacion`, `tipo_cliente`, `nombre`, `apellido1`, `apellido2`, `fecha_nacimiento`, `pais`, `ciudad`, `direccion`, `contactos`, `entidad_id`, `adm_creacion`, `adm_actualizacion`, `adm_usuario`) VALUES (40, '111111140', 'FISICA',   'TARJETAHABIENTE', 'Vanesa'              , 'Mora'                , 'Quiros', '1980-05-05', 'COSTA RICA', 'Alajuela'  , 'Urb Monte Alto'       , 'telefono:21511514;email:contacto@banco.com;Apt:90210', 3, parsedatetime('17-09-2012 18:47:52.69', 'dd-MM-yyyy hh:mm:ss.SS'), NULL, 'admin');
INSERT INTO `Clientes` (`id`, `identificacion`, `tipo_identificacion`, `tipo_cliente`, `nombre`, `apellido1`, `apellido2`, `fecha_nacimiento`, `pais`, `ciudad`, `direccion`, `contactos`, `entidad_id`, `adm_creacion`, `adm_actualizacion`, `adm_usuario`) VALUES (41, '111111141', 'FISICA',   'CUENTAS'        , 'Cecilia'             , 'Perez'               , ''      , '1981-06-06', 'COSTA RICA', 'Heredia'   , 'Barrio Los Angeles'   , 'telefono:21511514;email:contacto@banco.com;Apt:90210', 3, parsedatetime('17-09-2012 18:47:52.69', 'dd-MM-yyyy hh:mm:ss.SS'), NULL, 'admin');




INSERT INTO `Comercios` (`id`, `identificacion`, `referencia`, `nombre`, `estado`, `pais`, `ciudad`, `direccion`, `contactos`, `cliente_id`, `adm_creacion`, `adm_actualizacion`, `adm_usuario`) VALUES ( 1, 'COM00001', '0000001', 'Comercio 1', 'A', 'Costa Rica', 'Ciudad1','Direccion1' , 'telefono:21511514;email:contacto@banco.com;Apt:90210', 1 , parsedatetime('17-09-2012 18:47:52.69', 'dd-MM-yyyy hh:mm:ss.SS'), NULL, 'admin');
INSERT INTO `Comercios` (`id`, `identificacion`, `referencia`, `nombre`, `estado`, `pais`, `ciudad`, `direccion`, `contactos`, `cliente_id`, `adm_creacion`, `adm_actualizacion`, `adm_usuario`) VALUES ( 2, 'COM00002', '0000002', 'Comercio 2', 'A', 'Costa Rica', 'Ciudad2','Direccion1' , 'telefono:21511514;email:contacto@banco.com;Apt:90210', 2 , parsedatetime('17-09-2012 18:47:52.69', 'dd-MM-yyyy hh:mm:ss.SS'), NULL, 'admin');
INSERT INTO `Comercios` (`id`, `identificacion`, `referencia`, `nombre`, `estado`, `pais`, `ciudad`, `direccion`, `contactos`, `cliente_id`, `adm_creacion`, `adm_actualizacion`, `adm_usuario`) VALUES ( 3, 'COM00003', '0000003', 'Comercio 3', 'A', 'Costa Rica', 'Ciudad1','Direccion1' , 'telefono:21511514;email:contacto@banco.com;Apt:90210', 3 , parsedatetime('17-09-2012 18:47:52.69', 'dd-MM-yyyy hh:mm:ss.SS'), NULL, 'admin');
INSERT INTO `Comercios` (`id`, `identificacion`, `referencia`, `nombre`, `estado`, `pais`, `ciudad`, `direccion`, `contactos`, `cliente_id`, `adm_creacion`, `adm_actualizacion`, `adm_usuario`) VALUES ( 4, 'COM00004', '0000004', 'Comercio 4', 'A', 'Costa Rica', 'Ciudad4','Direccion1' , 'telefono:21511514;email:contacto@banco.com;Apt:90210', 4 , parsedatetime('17-09-2012 18:47:52.69', 'dd-MM-yyyy hh:mm:ss.SS'), NULL, 'admin');
INSERT INTO `Comercios` (`id`, `identificacion`, `referencia`, `nombre`, `estado`, `pais`, `ciudad`, `direccion`, `contactos`, `cliente_id`, `adm_creacion`, `adm_actualizacion`, `adm_usuario`) VALUES ( 5, 'COM00005', '0000005', 'Comercio 5', 'A', 'Costa Rica', 'Ciudad1','Direccion1' , 'telefono:21511514;email:contacto@banco.com;Apt:90210', 5 , parsedatetime('17-09-2012 18:47:52.69', 'dd-MM-yyyy hh:mm:ss.SS'), NULL, 'admin');
INSERT INTO `Comercios` (`id`, `identificacion`, `referencia`, `nombre`, `estado`, `pais`, `ciudad`, `direccion`, `contactos`, `cliente_id`, `adm_creacion`, `adm_actualizacion`, `adm_usuario`) VALUES ( 6, 'COM00006', '0000006', 'Comercio 6', 'A', 'Costa Rica', 'Ciudad4','Direccion1' , 'telefono:21511514;email:contacto@banco.com;Apt:90210', 6 , parsedatetime('17-09-2012 18:47:52.69', 'dd-MM-yyyy hh:mm:ss.SS'), NULL, 'admin');
INSERT INTO `Comercios` (`id`, `identificacion`, `referencia`, `nombre`, `estado`, `pais`, `ciudad`, `direccion`, `contactos`, `cliente_id`, `adm_creacion`, `adm_actualizacion`, `adm_usuario`) VALUES ( 7, 'COM00007', '0000007', 'Comercio 7', 'A', 'Costa Rica', 'Ciudad1','Direccion1' , 'telefono:21511514;email:contacto@banco.com;Apt:90210', 7 , parsedatetime('17-09-2012 18:47:52.69', 'dd-MM-yyyy hh:mm:ss.SS'), NULL, 'admin');
INSERT INTO `Comercios` (`id`, `identificacion`, `referencia`, `nombre`, `estado`, `pais`, `ciudad`, `direccion`, `contactos`, `cliente_id`, `adm_creacion`, `adm_actualizacion`, `adm_usuario`) VALUES ( 8, 'COM00008', '0000008', 'Comercio 8', 'A', 'Costa Rica', 'Ciudad1','Direccion1' , 'telefono:21511514;email:contacto@banco.com;Apt:90210', 8 , parsedatetime('17-09-2012 18:47:52.69', 'dd-MM-yyyy hh:mm:ss.SS'), NULL, 'admin');
INSERT INTO `Comercios` (`id`, `identificacion`, `referencia`, `nombre`, `estado`, `pais`, `ciudad`, `direccion`, `contactos`, `cliente_id`, `adm_creacion`, `adm_actualizacion`, `adm_usuario`) VALUES ( 9, 'COM00009', '0000009', 'Comercio 9', 'A', 'Costa Rica', 'Ciudad3','Direccion1' , 'telefono:21511514;email:contacto@banco.com;Apt:90210', 9 , parsedatetime('17-09-2012 18:47:52.69', 'dd-MM-yyyy hh:mm:ss.SS'), NULL, 'admin');
INSERT INTO `Comercios` (`id`, `identificacion`, `referencia`, `nombre`, `estado`, `pais`, `ciudad`, `direccion`, `contactos`, `cliente_id`, `adm_creacion`, `adm_actualizacion`, `adm_usuario`) VALUES (10, 'COM00010', '0000010', 'Comercio10', 'A', 'Costa Rica', 'Ciudad1','Direccion1' , 'telefono:21511514;email:contacto@banco.com;Apt:90210',10 , parsedatetime('17-09-2012 18:47:52.69', 'dd-MM-yyyy hh:mm:ss.SS'), NULL, 'admin');
INSERT INTO `Comercios` (`id`, `identificacion`, `referencia`, `nombre`, `estado`, `pais`, `ciudad`, `direccion`, `contactos`, `cliente_id`, `adm_creacion`, `adm_actualizacion`, `adm_usuario`) VALUES (11, 'COM00011', '0000011', 'Comercio11', 'A', 'Costa Rica', 'Ciudad1','Direccion1' , 'telefono:21511514;email:contacto@banco.com;Apt:90210',11 , parsedatetime('17-09-2012 18:47:52.69', 'dd-MM-yyyy hh:mm:ss.SS'), NULL, 'admin');
INSERT INTO `Comercios` (`id`, `identificacion`, `referencia`, `nombre`, `estado`, `pais`, `ciudad`, `direccion`, `contactos`, `cliente_id`, `adm_creacion`, `adm_actualizacion`, `adm_usuario`) VALUES (12, 'COM00012', '0000012', 'Comercio12', 'A', 'Costa Rica', 'Ciudad5','Direccion1' , 'telefono:21511514;email:contacto@banco.com;Apt:90210',21 , parsedatetime('17-09-2012 18:47:52.69', 'dd-MM-yyyy hh:mm:ss.SS'), NULL, 'admin');
INSERT INTO `Comercios` (`id`, `identificacion`, `referencia`, `nombre`, `estado`, `pais`, `ciudad`, `direccion`, `contactos`, `cliente_id`, `adm_creacion`, `adm_actualizacion`, `adm_usuario`) VALUES (13, 'COM00013', '0000013', 'Comercio13', 'A', 'Costa Rica', 'Ciudad2','Direccion1' , 'telefono:21511514;email:contacto@banco.com;Apt:90210',22 , parsedatetime('17-09-2012 18:47:52.69', 'dd-MM-yyyy hh:mm:ss.SS'), NULL, 'admin');
INSERT INTO `Comercios` (`id`, `identificacion`, `referencia`, `nombre`, `estado`, `pais`, `ciudad`, `direccion`, `contactos`, `cliente_id`, `adm_creacion`, `adm_actualizacion`, `adm_usuario`) VALUES (14, 'COM00014', '0000014', 'Comercio14', 'A', 'Costa Rica', 'Ciudad1','Direccion1' , 'telefono:21511514;email:contacto@banco.com;Apt:90210',23 , parsedatetime('17-09-2012 18:47:52.69', 'dd-MM-yyyy hh:mm:ss.SS'), NULL, 'admin');
INSERT INTO `Comercios` (`id`, `identificacion`, `referencia`, `nombre`, `estado`, `pais`, `ciudad`, `direccion`, `contactos`, `cliente_id`, `adm_creacion`, `adm_actualizacion`, `adm_usuario`) VALUES (15, 'COM00015', '0000015', 'Comercio15', 'A', 'Costa Rica', 'Ciudad6','Direccion1' , 'telefono:21511514;email:contacto@banco.com;Apt:90210',24 , parsedatetime('17-09-2012 18:47:52.69', 'dd-MM-yyyy hh:mm:ss.SS'), NULL, 'admin');
INSERT INTO `Comercios` (`id`, `identificacion`, `referencia`, `nombre`, `estado`, `pais`, `ciudad`, `direccion`, `contactos`, `cliente_id`, `adm_creacion`, `adm_actualizacion`, `adm_usuario`) VALUES (16, 'COM00016', '0000016', 'Comercio16', 'A', 'Costa Rica', 'Ciudad1','Direccion1' , 'telefono:21511514;email:contacto@banco.com;Apt:90210',25 , parsedatetime('17-09-2012 18:47:52.69', 'dd-MM-yyyy hh:mm:ss.SS'), NULL, 'admin');
INSERT INTO `Comercios` (`id`, `identificacion`, `referencia`, `nombre`, `estado`, `pais`, `ciudad`, `direccion`, `contactos`, `cliente_id`, `adm_creacion`, `adm_actualizacion`, `adm_usuario`) VALUES (17, 'COM00017', '0000017', 'Comercio17', 'A', 'Costa Rica', 'Ciudad1','Direccion1' , 'telefono:21511514;email:contacto@banco.com;Apt:90210',26 , parsedatetime('17-09-2012 18:47:52.69', 'dd-MM-yyyy hh:mm:ss.SS'), NULL, 'admin');
INSERT INTO `Comercios` (`id`, `identificacion`, `referencia`, `nombre`, `estado`, `pais`, `ciudad`, `direccion`, `contactos`, `cliente_id`, `adm_creacion`, `adm_actualizacion`, `adm_usuario`) VALUES (18, 'COM00018', '0000018', 'Comercio18', 'A', 'Costa Rica', 'Ciudad1','Direccion1' , 'telefono:21511514;email:contacto@banco.com;Apt:90210',27 , parsedatetime('17-09-2012 18:47:52.69', 'dd-MM-yyyy hh:mm:ss.SS'), NULL, 'admin');
INSERT INTO `Comercios` (`id`, `identificacion`, `referencia`, `nombre`, `estado`, `pais`, `ciudad`, `direccion`, `contactos`, `cliente_id`, `adm_creacion`, `adm_actualizacion`, `adm_usuario`) VALUES (19, 'COM00019', '0000019', 'Comercio19', 'A', 'Costa Rica', 'Ciudad1','Direccion1' , 'telefono:21511514;email:contacto@banco.com;Apt:90210',28 , parsedatetime('17-09-2012 18:47:52.69', 'dd-MM-yyyy hh:mm:ss.SS'), NULL, 'admin');
INSERT INTO `Comercios` (`id`, `identificacion`, `referencia`, `nombre`, `estado`, `pais`, `ciudad`, `direccion`, `contactos`, `cliente_id`, `adm_creacion`, `adm_actualizacion`, `adm_usuario`) VALUES (20, 'COM00020', '0000020', 'Comercio20', 'A', 'Costa Rica', 'Ciudad2','Direccion1' , 'telefono:21511514;email:contacto@banco.com;Apt:90210',29 , parsedatetime('17-09-2012 18:47:52.69', 'dd-MM-yyyy hh:mm:ss.SS'), NULL, 'admin');
INSERT INTO `Comercios` (`id`, `identificacion`, `referencia`, `nombre`, `estado`, `pais`, `ciudad`, `direccion`, `contactos`, `cliente_id`, `adm_creacion`, `adm_actualizacion`, `adm_usuario`) VALUES (21, 'COM00021', '0000021', 'Comercio21', 'A', 'Costa Rica', 'Ciudad1','Direccion1' , 'telefono:21511514;email:contacto@banco.com;Apt:90210',30 , parsedatetime('17-09-2012 18:47:52.69', 'dd-MM-yyyy hh:mm:ss.SS'), NULL, 'admin');
INSERT INTO `Comercios` (`id`, `identificacion`, `referencia`, `nombre`, `estado`, `pais`, `ciudad`, `direccion`, `contactos`, `cliente_id`, `adm_creacion`, `adm_actualizacion`, `adm_usuario`) VALUES (22, 'COM00022', '0000022', 'Comercio22', 'A', 'Costa Rica', 'Ciudad1','Direccion1' , 'telefono:21511514;email:contacto@banco.com;Apt:90210',31 , parsedatetime('17-09-2012 18:47:52.69', 'dd-MM-yyyy hh:mm:ss.SS'), NULL, 'admin');





INSERT INTO `TipoComisiones` (`id`, `fecha`, `tipo_comision`, `porcentaje`, `estado`, `comercio_id`, `adm_creacion`, `adm_actualizacion`, `adm_usuario`) VALUES (111, '2014-05-06','EMISOR'    , 4.2, 'A', 1,  parsedatetime('17-09-2012 18:47:52.69', 'dd-MM-yyyy hh:mm:ss.SS'), NULL, 'admin');
INSERT INTO `TipoComisiones` (`id`, `fecha`, `tipo_comision`, `porcentaje`, `estado`, `comercio_id`, `adm_creacion`, `adm_actualizacion`, `adm_usuario`) VALUES (112, '2014-05-06','HACIENDA'  , 1.2, 'A', 1,  parsedatetime('17-09-2012 18:47:52.69', 'dd-MM-yyyy hh:mm:ss.SS'), NULL, 'admin');
INSERT INTO `TipoComisiones` (`id`, `fecha`, `tipo_comision`, `porcentaje`, `estado`, `comercio_id`, `adm_creacion`, `adm_actualizacion`, `adm_usuario`) VALUES (113, '2014-05-06','MARCA_VISA', 1.1, 'A', 1,  parsedatetime('17-09-2012 18:47:52.69', 'dd-MM-yyyy hh:mm:ss.SS'), NULL, 'admin');
INSERT INTO `TipoComisiones` (`id`, `fecha`, `tipo_comision`, `porcentaje`, `estado`, `comercio_id`, `adm_creacion`, `adm_actualizacion`, `adm_usuario`) VALUES (114, '2014-05-06','SISTEMA'   , 1.2, 'A', 1,  parsedatetime('17-09-2012 18:47:52.69', 'dd-MM-yyyy hh:mm:ss.SS'), NULL, 'admin');
INSERT INTO `TipoComisiones` (`id`, `fecha`, `tipo_comision`, `porcentaje`, `estado`, `comercio_id`, `adm_creacion`, `adm_actualizacion`, `adm_usuario`) VALUES (211, '2014-05-06','EMISOR'    , 4.2, 'A', 2,  parsedatetime('17-09-2012 18:47:52.69', 'dd-MM-yyyy hh:mm:ss.SS'), NULL, 'admin');
INSERT INTO `TipoComisiones` (`id`, `fecha`, `tipo_comision`, `porcentaje`, `estado`, `comercio_id`, `adm_creacion`, `adm_actualizacion`, `adm_usuario`) VALUES (212, '2014-05-06','HACIENDA'  , 1.2, 'A', 2,  parsedatetime('17-09-2012 18:47:52.69', 'dd-MM-yyyy hh:mm:ss.SS'), NULL, 'admin');
INSERT INTO `TipoComisiones` (`id`, `fecha`, `tipo_comision`, `porcentaje`, `estado`, `comercio_id`, `adm_creacion`, `adm_actualizacion`, `adm_usuario`) VALUES (213, '2014-05-06','MARCA_VISA', 1.1, 'A', 2,  parsedatetime('17-09-2012 18:47:52.69', 'dd-MM-yyyy hh:mm:ss.SS'), NULL, 'admin');
INSERT INTO `TipoComisiones` (`id`, `fecha`, `tipo_comision`, `porcentaje`, `estado`, `comercio_id`, `adm_creacion`, `adm_actualizacion`, `adm_usuario`) VALUES (214, '2014-05-06','SISTEMA'   , 1.2, 'A', 2,  parsedatetime('17-09-2012 18:47:52.69', 'dd-MM-yyyy hh:mm:ss.SS'), NULL, 'admin');
INSERT INTO `TipoComisiones` (`id`, `fecha`, `tipo_comision`, `porcentaje`, `estado`, `comercio_id`, `adm_creacion`, `adm_actualizacion`, `adm_usuario`) VALUES (311, '2014-05-06','EMISOR'    , 4.2, 'A', 3,  parsedatetime('17-09-2012 18:47:52.69', 'dd-MM-yyyy hh:mm:ss.SS'), NULL, 'admin');
INSERT INTO `TipoComisiones` (`id`, `fecha`, `tipo_comision`, `porcentaje`, `estado`, `comercio_id`, `adm_creacion`, `adm_actualizacion`, `adm_usuario`) VALUES (312, '2014-05-06','HACIENDA'  , 1.2, 'A', 3,  parsedatetime('17-09-2012 18:47:52.69', 'dd-MM-yyyy hh:mm:ss.SS'), NULL, 'admin');
INSERT INTO `TipoComisiones` (`id`, `fecha`, `tipo_comision`, `porcentaje`, `estado`, `comercio_id`, `adm_creacion`, `adm_actualizacion`, `adm_usuario`) VALUES (313, '2014-05-06','MARCA_VISA', 1.1, 'A', 3,  parsedatetime('17-09-2012 18:47:52.69', 'dd-MM-yyyy hh:mm:ss.SS'), NULL, 'admin');
INSERT INTO `TipoComisiones` (`id`, `fecha`, `tipo_comision`, `porcentaje`, `estado`, `comercio_id`, `adm_creacion`, `adm_actualizacion`, `adm_usuario`) VALUES (314, '2014-05-06','SISTEMA'   , 1.2, 'A', 3,  parsedatetime('17-09-2012 18:47:52.69', 'dd-MM-yyyy hh:mm:ss.SS'), NULL, 'admin');
INSERT INTO `TipoComisiones` (`id`, `fecha`, `tipo_comision`, `porcentaje`, `estado`, `comercio_id`, `adm_creacion`, `adm_actualizacion`, `adm_usuario`) VALUES (411, '2014-05-06','EMISOR'    , 4.2, 'A', 4,  parsedatetime('17-09-2012 18:47:52.69', 'dd-MM-yyyy hh:mm:ss.SS'), NULL, 'admin');
INSERT INTO `TipoComisiones` (`id`, `fecha`, `tipo_comision`, `porcentaje`, `estado`, `comercio_id`, `adm_creacion`, `adm_actualizacion`, `adm_usuario`) VALUES (412, '2014-05-06','HACIENDA'  , 1.2, 'A', 4,  parsedatetime('17-09-2012 18:47:52.69', 'dd-MM-yyyy hh:mm:ss.SS'), NULL, 'admin');
INSERT INTO `TipoComisiones` (`id`, `fecha`, `tipo_comision`, `porcentaje`, `estado`, `comercio_id`, `adm_creacion`, `adm_actualizacion`, `adm_usuario`) VALUES (413, '2014-05-06','MARCA_VISA', 1.1, 'A', 4,  parsedatetime('17-09-2012 18:47:52.69', 'dd-MM-yyyy hh:mm:ss.SS'), NULL, 'admin');
INSERT INTO `TipoComisiones` (`id`, `fecha`, `tipo_comision`, `porcentaje`, `estado`, `comercio_id`, `adm_creacion`, `adm_actualizacion`, `adm_usuario`) VALUES (414, '2014-05-06','SISTEMA'   , 1.2, 'A', 4,  parsedatetime('17-09-2012 18:47:52.69', 'dd-MM-yyyy hh:mm:ss.SS'), NULL, 'admin');
INSERT INTO `TipoComisiones` (`id`, `fecha`, `tipo_comision`, `porcentaje`, `estado`, `comercio_id`, `adm_creacion`, `adm_actualizacion`, `adm_usuario`) VALUES (511, '2014-05-06','EMISOR'    , 4.2, 'A', 5,  parsedatetime('17-09-2012 18:47:52.69', 'dd-MM-yyyy hh:mm:ss.SS'), NULL, 'admin');
INSERT INTO `TipoComisiones` (`id`, `fecha`, `tipo_comision`, `porcentaje`, `estado`, `comercio_id`, `adm_creacion`, `adm_actualizacion`, `adm_usuario`) VALUES (512, '2014-05-06','HACIENDA'  , 1.2, 'A', 5,  parsedatetime('17-09-2012 18:47:52.69', 'dd-MM-yyyy hh:mm:ss.SS'), NULL, 'admin');
INSERT INTO `TipoComisiones` (`id`, `fecha`, `tipo_comision`, `porcentaje`, `estado`, `comercio_id`, `adm_creacion`, `adm_actualizacion`, `adm_usuario`) VALUES (513, '2014-05-06','MARCA_VISA', 1.1, 'A', 5,  parsedatetime('17-09-2012 18:47:52.69', 'dd-MM-yyyy hh:mm:ss.SS'), NULL, 'admin');
INSERT INTO `TipoComisiones` (`id`, `fecha`, `tipo_comision`, `porcentaje`, `estado`, `comercio_id`, `adm_creacion`, `adm_actualizacion`, `adm_usuario`) VALUES (514, '2014-05-06','SISTEMA'   , 1.2, 'A', 5,  parsedatetime('17-09-2012 18:47:52.69', 'dd-MM-yyyy hh:mm:ss.SS'), NULL, 'admin');
INSERT INTO `TipoComisiones` (`id`, `fecha`, `tipo_comision`, `porcentaje`, `estado`, `comercio_id`, `adm_creacion`, `adm_actualizacion`, `adm_usuario`) VALUES (611, '2014-05-06','EMISOR'    , 4.2, 'A', 6,  parsedatetime('17-09-2012 18:47:52.69', 'dd-MM-yyyy hh:mm:ss.SS'), NULL, 'admin');
INSERT INTO `TipoComisiones` (`id`, `fecha`, `tipo_comision`, `porcentaje`, `estado`, `comercio_id`, `adm_creacion`, `adm_actualizacion`, `adm_usuario`) VALUES (612, '2014-05-06','HACIENDA'  , 1.2, 'A', 6,  parsedatetime('17-09-2012 18:47:52.69', 'dd-MM-yyyy hh:mm:ss.SS'), NULL, 'admin');
INSERT INTO `TipoComisiones` (`id`, `fecha`, `tipo_comision`, `porcentaje`, `estado`, `comercio_id`, `adm_creacion`, `adm_actualizacion`, `adm_usuario`) VALUES (613, '2014-05-06','MARCA_VISA', 1.1, 'A', 6,  parsedatetime('17-09-2012 18:47:52.69', 'dd-MM-yyyy hh:mm:ss.SS'), NULL, 'admin');
INSERT INTO `TipoComisiones` (`id`, `fecha`, `tipo_comision`, `porcentaje`, `estado`, `comercio_id`, `adm_creacion`, `adm_actualizacion`, `adm_usuario`) VALUES (614, '2014-05-06','SISTEMA'   , 1.2, 'A', 6,  parsedatetime('17-09-2012 18:47:52.69', 'dd-MM-yyyy hh:mm:ss.SS'), NULL, 'admin');
INSERT INTO `TipoComisiones` (`id`, `fecha`, `tipo_comision`, `porcentaje`, `estado`, `comercio_id`, `adm_creacion`, `adm_actualizacion`, `adm_usuario`) VALUES (711, '2014-05-06','EMISOR'    , 4.2, 'A', 7,  parsedatetime('17-09-2012 18:47:52.69', 'dd-MM-yyyy hh:mm:ss.SS'), NULL, 'admin');
INSERT INTO `TipoComisiones` (`id`, `fecha`, `tipo_comision`, `porcentaje`, `estado`, `comercio_id`, `adm_creacion`, `adm_actualizacion`, `adm_usuario`) VALUES (712, '2014-05-06','HACIENDA'  , 1.2, 'A', 7,  parsedatetime('17-09-2012 18:47:52.69', 'dd-MM-yyyy hh:mm:ss.SS'), NULL, 'admin');
INSERT INTO `TipoComisiones` (`id`, `fecha`, `tipo_comision`, `porcentaje`, `estado`, `comercio_id`, `adm_creacion`, `adm_actualizacion`, `adm_usuario`) VALUES (713, '2014-05-06','MARCA_VISA', 1.1, 'A', 7,  parsedatetime('17-09-2012 18:47:52.69', 'dd-MM-yyyy hh:mm:ss.SS'), NULL, 'admin');
INSERT INTO `TipoComisiones` (`id`, `fecha`, `tipo_comision`, `porcentaje`, `estado`, `comercio_id`, `adm_creacion`, `adm_actualizacion`, `adm_usuario`) VALUES (714, '2014-05-06','SISTEMA'   , 1.2, 'A', 7,  parsedatetime('17-09-2012 18:47:52.69', 'dd-MM-yyyy hh:mm:ss.SS'), NULL, 'admin');



//comercios

INSERT INTO `Comisiones` (`id`, `valor`, `detalle`, `tipocomision_id`, `comercio_id`, `cierre_id`) VALUES ( 1, 1750.20, 'test', 111, 1, 1);
INSERT INTO `Comisiones` (`id`, `valor`, `detalle`, `tipocomision_id`, `comercio_id`, `cierre_id`) VALUES ( 2, 8152.20, 'test', 112, 1, 1);
INSERT INTO `Comisiones` (`id`, `valor`, `detalle`, `tipocomision_id`, `comercio_id`, `cierre_id`) VALUES ( 3, 8135.20, 'test', 113, 1, 1);
INSERT INTO `Comisiones` (`id`, `valor`, `detalle`, `tipocomision_id`, `comercio_id`, `cierre_id`) VALUES ( 4, 8250.20, 'test', 114, 1, 1);
INSERT INTO `Comisiones` (`id`, `valor`, `detalle`, `tipocomision_id`, `comercio_id`, `cierre_id`) VALUES ( 5, 8133.20, 'test', 211, 2, 1);
INSERT INTO `Comisiones` (`id`, `valor`, `detalle`, `tipocomision_id`, `comercio_id`, `cierre_id`) VALUES ( 6, 9122.20, 'test', 212, 2, 1);
INSERT INTO `Comisiones` (`id`, `valor`, `detalle`, `tipocomision_id`, `comercio_id`, `cierre_id`) VALUES ( 7, 4125.20, 'test', 213, 2, 1);
INSERT INTO `Comisiones` (`id`, `valor`, `detalle`, `tipocomision_id`, `comercio_id`, `cierre_id`) VALUES ( 8, 5123.20, 'test', 214, 2, 1);
INSERT INTO `Comisiones` (`id`, `valor`, `detalle`, `tipocomision_id`, `comercio_id`, `cierre_id`) VALUES ( 9, 2156.20, 'test', 311, 3, 1);
INSERT INTO `Comisiones` (`id`, `valor`, `detalle`, `tipocomision_id`, `comercio_id`, `cierre_id`) VALUES (10, 3128.20, 'test', 312, 3, 1);
INSERT INTO `Comisiones` (`id`, `valor`, `detalle`, `tipocomision_id`, `comercio_id`, `cierre_id`) VALUES (11, 5955.20, 'test', 313, 3, 1);
INSERT INTO `Comisiones` (`id`, `valor`, `detalle`, `tipocomision_id`, `comercio_id`, `cierre_id`) VALUES (12, 4650.20, 'test', 314, 3, 1);
INSERT INTO `Comisiones` (`id`, `valor`, `detalle`, `tipocomision_id`, `comercio_id`, `cierre_id`) VALUES (13, 4632.20, 'test', 411, 4, 1);
INSERT INTO `Comisiones` (`id`, `valor`, `detalle`, `tipocomision_id`, `comercio_id`, `cierre_id`) VALUES (14, 8115.20, 'test', 412, 4, 1);
INSERT INTO `Comisiones` (`id`, `valor`, `detalle`, `tipocomision_id`, `comercio_id`, `cierre_id`) VALUES (15, 9225.20, 'test', 413, 4, 1);
INSERT INTO `Comisiones` (`id`, `valor`, `detalle`, `tipocomision_id`, `comercio_id`, `cierre_id`) VALUES (16, 4151.20, 'test', 414, 4, 1);
INSERT INTO `Comisiones` (`id`, `valor`, `detalle`, `tipocomision_id`, `comercio_id`, `cierre_id`) VALUES (17, 4215.20, 'test', 511, 5, 1);
INSERT INTO `Comisiones` (`id`, `valor`, `detalle`, `tipocomision_id`, `comercio_id`, `cierre_id`) VALUES (18, 1750.20, 'test', 512, 5, 1);
INSERT INTO `Comisiones` (`id`, `valor`, `detalle`, `tipocomision_id`, `comercio_id`, `cierre_id`) VALUES (19, 6750.20, 'test', 513, 5, 1);
INSERT INTO `Comisiones` (`id`, `valor`, `detalle`, `tipocomision_id`, `comercio_id`, `cierre_id`) VALUES (20, 7750.20, 'test', 514, 5, 1);
INSERT INTO `Comisiones` (`id`, `valor`, `detalle`, `tipocomision_id`, `comercio_id`, `cierre_id`) VALUES (21, 6750.20, 'test', 611, 6, 1);
INSERT INTO `Comisiones` (`id`, `valor`, `detalle`, `tipocomision_id`, `comercio_id`, `cierre_id`) VALUES (22, 7750.20, 'test', 612, 6, 1);
INSERT INTO `Comisiones` (`id`, `valor`, `detalle`, `tipocomision_id`, `comercio_id`, `cierre_id`) VALUES (23, 8750.20, 'test', 613, 6, 1);



INSERT INTO `Monedas` (`id`, `nombre`, `simbolo`, `adm_creacion`, `adm_actualizacion`, `adm_usuario`) VALUES ('CRC', 'Colones', '', parsedatetime('17-09-2012 18:47:52.69', 'dd-MM-yyyy hh:mm:ss.SS'), NULL, 'admin');
INSERT INTO `Monedas` (`id`, `nombre`, `simbolo`, `adm_creacion`, `adm_actualizacion`, `adm_usuario`) VALUES ('USD', 'Dolares', '$', parsedatetime('17-09-2012 18:47:52.69', 'dd-MM-yyyy hh:mm:ss.SS'), NULL, 'admin');
INSERT INTO `Monedas` (`id`, `nombre`, `simbolo`, `adm_creacion`, `adm_actualizacion`, `adm_usuario`) VALUES ('JPY', 'Yens'   , '', parsedatetime('17-09-2012 18:47:52.69', 'dd-MM-yyyy hh:mm:ss.SS'), NULL, 'admin');

INSERT INTO `TipoCambios` (`id`, `fecha`, `monedaorigen_id`, `monedadestino_id`, `valor`, `adm_creacion`, `adm_usuario`) VALUES (1, '2014-05-05', 'CRC', 'CRC', 1.0   , parsedatetime('17-09-2012 18:47:52.69', 'dd-MM-yyyy hh:mm:ss.SS'),  'admin');
INSERT INTO `TipoCambios` (`id`, `fecha`, `monedaorigen_id`, `monedadestino_id`, `valor`, `adm_creacion`, `adm_usuario`) VALUES (2, '2014-05-05', 'USD', 'USD', 1.0   , parsedatetime('17-09-2012 18:47:52.69', 'dd-MM-yyyy hh:mm:ss.SS'),  'admin');
INSERT INTO `TipoCambios` (`id`, `fecha`, `monedaorigen_id`, `monedadestino_id`, `valor`, `adm_creacion`, `adm_usuario`) VALUES (3, '2014-05-05', 'JPY', 'JPY', 1.0   , parsedatetime('17-09-2012 18:47:52.69', 'dd-MM-yyyy hh:mm:ss.SS'),  'admin');
INSERT INTO `TipoCambios` (`id`, `fecha`, `monedaorigen_id`, `monedadestino_id`, `valor`, `adm_creacion`, `adm_usuario`) VALUES (4, '2014-05-05', 'CRC', 'USD', 0.0056, parsedatetime('17-09-2012 18:47:52.69', 'dd-MM-yyyy hh:mm:ss.SS'),  'admin');
INSERT INTO `TipoCambios` (`id`, `fecha`, `monedaorigen_id`, `monedadestino_id`, `valor`, `adm_creacion`, `adm_usuario`) VALUES (5, '2014-05-05', 'USD', 'CRC', 560.00, parsedatetime('17-09-2012 18:47:52.69', 'dd-MM-yyyy hh:mm:ss.SS'),  'admin');
INSERT INTO `TipoCambios` (`id`, `fecha`, `monedaorigen_id`, `monedadestino_id`, `valor`, `adm_creacion`, `adm_usuario`) VALUES (6, '2014-05-05', 'CRC', 'JPY', 5.00  , parsedatetime('17-09-2012 18:47:52.69', 'dd-MM-yyyy hh:mm:ss.SS'),  'admin');
INSERT INTO `TipoCambios` (`id`, `fecha`, `monedaorigen_id`, `monedadestino_id`, `valor`, `adm_creacion`, `adm_usuario`) VALUES (7, '2014-05-05', 'USD', 'JPY', 0.01  , parsedatetime('17-09-2012 18:47:52.69', 'dd-MM-yyyy hh:mm:ss.SS'),  'admin');
INSERT INTO `TipoCambios` (`id`, `fecha`, `monedaorigen_id`, `monedadestino_id`, `valor`, `adm_creacion`, `adm_usuario`) VALUES (8, '2014-05-05', 'JPY', 'CRC', 0.05  , parsedatetime('17-09-2012 18:47:52.69', 'dd-MM-yyyy hh:mm:ss.SS'),  'admin');
INSERT INTO `TipoCambios` (`id`, `fecha`, `monedaorigen_id`, `monedadestino_id`, `valor`, `adm_creacion`, `adm_usuario`) VALUES (9, '2014-05-05', 'JPY', 'USD', 0.1   , parsedatetime('17-09-2012 18:47:52.69', 'dd-MM-yyyy hh:mm:ss.SS'),  'admin');


--INSERT INTO `TipoTransacciones` (`id`, `descripcion`, `adm_creacion`, `adm_actualizacion`, `adm_usuario`) VALUES ('01', 'Compra'               , parsedatetime('17-09-2012 18:47:52.69', 'dd-MM-yyyy hh:mm:ss.SS'), NULL, 'admin');
--INSERT INTO `TipoTransacciones` (`id`, `descripcion`, `adm_creacion`, `adm_actualizacion`, `adm_usuario`) VALUES ('02', 'Deposito'             , parsedatetime('17-09-2012 18:47:52.69', 'dd-MM-yyyy hh:mm:ss.SS'), NULL, 'admin');
--INSERT INTO `TipoTransacciones` (`id`, `descripcion`, `adm_creacion`, `adm_actualizacion`, `adm_usuario`) VALUES ('03', 'Transferencia Interna', parsedatetime('17-09-2012 18:47:52.69', 'dd-MM-yyyy hh:mm:ss.SS'), NULL, 'admin');
--INSERT INTO `TipoTransacciones` (`id`, `descripcion`, `adm_creacion`, `adm_actualizacion`, `adm_usuario`) VALUES ('04', 'Transferencia Externa', parsedatetime('17-09-2012 18:47:52.69', 'dd-MM-yyyy hh:mm:ss.SS'), NULL, 'admin');
--INSERT INTO `TipoTransacciones` (`id`, `descripcion`, `adm_creacion`, `adm_actualizacion`, `adm_usuario`) VALUES ('05', 'SIMPE'				   , parsedatetime('17-09-2012 18:47:52.69', 'dd-MM-yyyy hh:mm:ss.SS'), NULL, 'admin');
--INSERT INTO `TipoTransacciones` (`id`, `descripcion`, `adm_creacion`, `adm_actualizacion`, `adm_usuario`) VALUES ('06', 'Rembolso'             , parsedatetime('17-09-2012 18:47:52.69', 'dd-MM-yyyy hh:mm:ss.SS'), NULL, 'admin');
--INSERT INTO `TipoTransacciones` (`id`, `descripcion`, `adm_creacion`, `adm_actualizacion`, `adm_usuario`) VALUES ('07', 'Error'                , parsedatetime('17-09-2012 18:47:52.69', 'dd-MM-yyyy hh:mm:ss.SS'), NULL, 'admin');
--INSERT INTO `TipoTransacciones` (`id`, `descripcion`, `adm_creacion`, `adm_actualizacion`, `adm_usuario`) VALUES ('08', 'Desconcido'           , parsedatetime('17-09-2012 18:47:52.69', 'dd-MM-yyyy hh:mm:ss.SS'), NULL, 'admin');


INSERT INTO `Cuentas` (`numero`, `entidad_id`, `estado`, `tipo_cuenta`, `fecha_creacion`, `fecha_activacion`, `fecha_desactivacion`, `predeterminada`, `cliente_id`, `moneda_id`, `adm_creacion`, `adm_actualizacion`, `adm_usuario`) VALUES ('111111111111111001', 1, 'A', 'CUENTA_CORRIENTE'  , '2010-01-01', '2010-01-02', NULL, 0, 1 , 'CRC', parsedatetime('17-09-2012 18:47:52.69', 'dd-MM-yyyy hh:mm:ss.SS'), NULL, 'admin');
INSERT INTO `Cuentas` (`numero`, `entidad_id`, `estado`, `tipo_cuenta`, `fecha_creacion`, `fecha_activacion`, `fecha_desactivacion`, `predeterminada`, `cliente_id`, `moneda_id`, `adm_creacion`, `adm_actualizacion`, `adm_usuario`) VALUES ('111111111111111002', 1, 'A', 'CUENTA_CORRIENTE'  , '2010-01-01', '2010-01-02', NULL, 0, 2 , 'USD', parsedatetime('17-09-2012 18:47:52.69', 'dd-MM-yyyy hh:mm:ss.SS'), NULL, 'admin');
INSERT INTO `Cuentas` (`numero`, `entidad_id`, `estado`, `tipo_cuenta`, `fecha_creacion`, `fecha_activacion`, `fecha_desactivacion`, `predeterminada`, `cliente_id`, `moneda_id`, `adm_creacion`, `adm_actualizacion`, `adm_usuario`) VALUES ('111111111111111003', 1, 'A', 'CUENTA_CORRIENTE'  , '2010-01-01', '2010-01-02', NULL, 0, 3 , 'CRC', parsedatetime('17-09-2012 18:47:52.69', 'dd-MM-yyyy hh:mm:ss.SS'), NULL, 'admin');
INSERT INTO `Cuentas` (`numero`, `entidad_id`, `estado`, `tipo_cuenta`, `fecha_creacion`, `fecha_activacion`, `fecha_desactivacion`, `predeterminada`, `cliente_id`, `moneda_id`, `adm_creacion`, `adm_actualizacion`, `adm_usuario`) VALUES ('111111111111111004', 1, 'A', 'CUENTA_CORRIENTE'  , '2010-01-01', '2010-01-02', NULL, 0, 4 , 'USD', parsedatetime('17-09-2012 18:47:52.69', 'dd-MM-yyyy hh:mm:ss.SS'), NULL, 'admin');
INSERT INTO `Cuentas` (`numero`, `entidad_id`, `estado`, `tipo_cuenta`, `fecha_creacion`, `fecha_activacion`, `fecha_desactivacion`, `predeterminada`, `cliente_id`, `moneda_id`, `adm_creacion`, `adm_actualizacion`, `adm_usuario`) VALUES ('111111111111111005', 1, 'A', 'CUENTA_CORRIENTE  ', '2010-01-01', '2010-01-02', NULL, 0, 5 , 'CRC', parsedatetime('17-09-2012 18:47:52.69', 'dd-MM-yyyy hh:mm:ss.SS'), NULL, 'admin');
INSERT INTO `Cuentas` (`numero`, `entidad_id`, `estado`, `tipo_cuenta`, `fecha_creacion`, `fecha_activacion`, `fecha_desactivacion`, `predeterminada`, `cliente_id`, `moneda_id`, `adm_creacion`, `adm_actualizacion`, `adm_usuario`) VALUES ('111111111111111006', 1, 'A', 'CUENTA_CORPORATIVA', '2010-01-01', '2010-01-02', NULL, 0, 6 , 'CRC', parsedatetime('17-09-2012 18:47:52.69', 'dd-MM-yyyy hh:mm:ss.SS'), NULL, 'admin');
INSERT INTO `Cuentas` (`numero`, `entidad_id`, `estado`, `tipo_cuenta`, `fecha_creacion`, `fecha_activacion`, `fecha_desactivacion`, `predeterminada`, `cliente_id`, `moneda_id`, `adm_creacion`, `adm_actualizacion`, `adm_usuario`) VALUES ('111111111111111007', 1, 'A', 'CUENTA_CORRIENTE'  , '2010-01-01', '2010-01-02', NULL, 0, 7 , 'USD', parsedatetime('17-09-2012 18:47:52.69', 'dd-MM-yyyy hh:mm:ss.SS'), NULL, 'admin');
INSERT INTO `Cuentas` (`numero`, `entidad_id`, `estado`, `tipo_cuenta`, `fecha_creacion`, `fecha_activacion`, `fecha_desactivacion`, `predeterminada`, `cliente_id`, `moneda_id`, `adm_creacion`, `adm_actualizacion`, `adm_usuario`) VALUES ('111111111111111008', 1, 'A', 'CUENTA_CORRIENTE'  , '2010-01-01', '2010-01-02', NULL, 0, 8 , 'CRC', parsedatetime('17-09-2012 18:47:52.69', 'dd-MM-yyyy hh:mm:ss.SS'), NULL, 'admin');
INSERT INTO `Cuentas` (`numero`, `entidad_id`, `estado`, `tipo_cuenta`, `fecha_creacion`, `fecha_activacion`, `fecha_desactivacion`, `predeterminada`, `cliente_id`, `moneda_id`, `adm_creacion`, `adm_actualizacion`, `adm_usuario`) VALUES ('111111111111111009', 1, 'A', 'CUENTA_CORRIENTE'  , '2010-01-01', '2010-01-02', NULL, 0, 9 , 'USD', parsedatetime('17-09-2012 18:47:52.69', 'dd-MM-yyyy hh:mm:ss.SS'), NULL, 'admin');
INSERT INTO `Cuentas` (`numero`, `entidad_id`, `estado`, `tipo_cuenta`, `fecha_creacion`, `fecha_activacion`, `fecha_desactivacion`, `predeterminada`, `cliente_id`, `moneda_id`, `adm_creacion`, `adm_actualizacion`, `adm_usuario`) VALUES ('111111111111111010', 1, 'A', 'CUENTA_CORRIENTE'  , '2010-01-01', '2010-01-02', NULL, 0, 10, 'CRC', parsedatetime('17-09-2012 18:47:52.69', 'dd-MM-yyyy hh:mm:ss.SS'), NULL, 'admin');
INSERT INTO `Cuentas` (`numero`, `entidad_id`, `estado`, `tipo_cuenta`, `fecha_creacion`, `fecha_activacion`, `fecha_desactivacion`, `predeterminada`, `cliente_id`, `moneda_id`, `adm_creacion`, `adm_actualizacion`, `adm_usuario`) VALUES ('111111111111111011', 1, 'A', 'CUENTA_CORPORATIVA', '2010-01-01', '2010-01-02', NULL, 0, 11, 'USD', parsedatetime('17-09-2012 18:47:52.69', 'dd-MM-yyyy hh:mm:ss.SS'), NULL, 'admin');
INSERT INTO `Cuentas` (`numero`, `entidad_id`, `estado`, `tipo_cuenta`, `fecha_creacion`, `fecha_activacion`, `fecha_desactivacion`, `predeterminada`, `cliente_id`, `moneda_id`, `adm_creacion`, `adm_actualizacion`, `adm_usuario`) VALUES ('111111111111111012', 1, 'A', 'CUENTA_CORRIENTE'  , '2010-01-01', '2010-01-02', NULL, 0, 12, 'CRC', parsedatetime('17-09-2012 18:47:52.69', 'dd-MM-yyyy hh:mm:ss.SS'), NULL, 'admin');
INSERT INTO `Cuentas` (`numero`, `entidad_id`, `estado`, `tipo_cuenta`, `fecha_creacion`, `fecha_activacion`, `fecha_desactivacion`, `predeterminada`, `cliente_id`, `moneda_id`, `adm_creacion`, `adm_actualizacion`, `adm_usuario`) VALUES ('111111111111111013', 1, 'A', 'CUENTA_CORRIENTE'  , '2010-01-01', '2010-01-02', NULL, 0, 13, 'CRC', parsedatetime('17-09-2012 18:47:52.69', 'dd-MM-yyyy hh:mm:ss.SS'), NULL, 'admin');
INSERT INTO `Cuentas` (`numero`, `entidad_id`, `estado`, `tipo_cuenta`, `fecha_creacion`, `fecha_activacion`, `fecha_desactivacion`, `predeterminada`, `cliente_id`, `moneda_id`, `adm_creacion`, `adm_actualizacion`, `adm_usuario`) VALUES ('111111111111111014', 1, 'A', 'CUENTA_CORPORATIVA', '2010-01-01', '2010-01-02', NULL, 0, 14, 'USD', parsedatetime('17-09-2012 18:47:52.69', 'dd-MM-yyyy hh:mm:ss.SS'), NULL, 'admin');
INSERT INTO `Cuentas` (`numero`, `entidad_id`, `estado`, `tipo_cuenta`, `fecha_creacion`, `fecha_activacion`, `fecha_desactivacion`, `predeterminada`, `cliente_id`, `moneda_id`, `adm_creacion`, `adm_actualizacion`, `adm_usuario`) VALUES ('111111111111111015', 1, 'A', 'CUENTA_CORRIENTE'  , '2010-01-01', '2010-01-02', NULL, 0, 15, 'CRC', parsedatetime('17-09-2012 18:47:52.69', 'dd-MM-yyyy hh:mm:ss.SS'), NULL, 'admin');
INSERT INTO `Cuentas` (`numero`, `entidad_id`, `estado`, `tipo_cuenta`, `fecha_creacion`, `fecha_activacion`, `fecha_desactivacion`, `predeterminada`, `cliente_id`, `moneda_id`, `adm_creacion`, `adm_actualizacion`, `adm_usuario`) VALUES ('111111111111111016', 1, 'A', 'CUENTA_CORRIENTE'  , '2010-01-01', '2010-01-02', NULL, 0, 16, 'CRC', parsedatetime('17-09-2012 18:47:52.69', 'dd-MM-yyyy hh:mm:ss.SS'), NULL, 'admin');
INSERT INTO `Cuentas` (`numero`, `entidad_id`, `estado`, `tipo_cuenta`, `fecha_creacion`, `fecha_activacion`, `fecha_desactivacion`, `predeterminada`, `cliente_id`, `moneda_id`, `adm_creacion`, `adm_actualizacion`, `adm_usuario`) VALUES ('111111111111111017', 1, 'A', 'CUENTA_CORRIENTE'  , '2010-01-01', '2010-01-02', NULL, 0, 17, 'CRC', parsedatetime('17-09-2012 18:47:52.69', 'dd-MM-yyyy hh:mm:ss.SS'), NULL, 'admin');
INSERT INTO `Cuentas` (`numero`, `entidad_id`, `estado`, `tipo_cuenta`, `fecha_creacion`, `fecha_activacion`, `fecha_desactivacion`, `predeterminada`, `cliente_id`, `moneda_id`, `adm_creacion`, `adm_actualizacion`, `adm_usuario`) VALUES ('111111111111111018', 1, 'A', 'CUENTA_CORPORATIVA', '2010-01-01', '2010-01-02', NULL, 0, 18, 'USD', parsedatetime('17-09-2012 18:47:52.69', 'dd-MM-yyyy hh:mm:ss.SS'), NULL, 'admin');
INSERT INTO `Cuentas` (`numero`, `entidad_id`, `estado`, `tipo_cuenta`, `fecha_creacion`, `fecha_activacion`, `fecha_desactivacion`, `predeterminada`, `cliente_id`, `moneda_id`, `adm_creacion`, `adm_actualizacion`, `adm_usuario`) VALUES ('111111111111111019', 1, 'A', 'CUENTA_CORRIENTE'  , '2010-01-01', '2010-01-02', NULL, 0, 19, 'CRC', parsedatetime('17-09-2012 18:47:52.69', 'dd-MM-yyyy hh:mm:ss.SS'), NULL, 'admin');
INSERT INTO `Cuentas` (`numero`, `entidad_id`, `estado`, `tipo_cuenta`, `fecha_creacion`, `fecha_activacion`, `fecha_desactivacion`, `predeterminada`, `cliente_id`, `moneda_id`, `adm_creacion`, `adm_actualizacion`, `adm_usuario`) VALUES ('111111111111111020', 1, 'A', 'CUENTA_CORPORATIVA', '2010-01-01', '2010-01-02', NULL, 0, 20, 'CRC', parsedatetime('17-09-2012 18:47:52.69', 'dd-MM-yyyy hh:mm:ss.SS'), NULL, 'admin');
INSERT INTO `Cuentas` (`numero`, `entidad_id`, `estado`, `tipo_cuenta`, `fecha_creacion`, `fecha_activacion`, `fecha_desactivacion`, `predeterminada`, `cliente_id`, `moneda_id`, `adm_creacion`, `adm_actualizacion`, `adm_usuario`) VALUES ('111111111111111021', 1, 'A', 'CUENTA_CORRIENTE'  , '2010-01-01', '2010-01-02', NULL, 0, 21, 'USD', parsedatetime('17-09-2012 18:47:52.69', 'dd-MM-yyyy hh:mm:ss.SS'), NULL, 'admin');
INSERT INTO `Cuentas` (`numero`, `entidad_id`, `estado`, `tipo_cuenta`, `fecha_creacion`, `fecha_activacion`, `fecha_desactivacion`, `predeterminada`, `cliente_id`, `moneda_id`, `adm_creacion`, `adm_actualizacion`, `adm_usuario`) VALUES ('111111111111111022', 1, 'A', 'CUENTA_CORPORATIVA', '2010-01-01', '2010-01-02', NULL, 0, 22, 'CRC', parsedatetime('17-09-2012 18:47:52.69', 'dd-MM-yyyy hh:mm:ss.SS'), NULL, 'admin');
INSERT INTO `Cuentas` (`numero`, `entidad_id`, `estado`, `tipo_cuenta`, `fecha_creacion`, `fecha_activacion`, `fecha_desactivacion`, `predeterminada`, `cliente_id`, `moneda_id`, `adm_creacion`, `adm_actualizacion`, `adm_usuario`) VALUES ('111111111111111023', 1, 'A', 'CUENTA_CORRIENTE'  , '2010-01-01', '2010-01-02', NULL, 0, 23, 'CRC', parsedatetime('17-09-2012 18:47:52.69', 'dd-MM-yyyy hh:mm:ss.SS'), NULL, 'admin');
INSERT INTO `Cuentas` (`numero`, `entidad_id`, `estado`, `tipo_cuenta`, `fecha_creacion`, `fecha_activacion`, `fecha_desactivacion`, `predeterminada`, `cliente_id`, `moneda_id`, `adm_creacion`, `adm_actualizacion`, `adm_usuario`) VALUES ('111111111111111024', 1, 'A', 'CUENTA_CORPORATIVA', '2010-01-01', '2010-01-02', NULL, 0, 24, 'USD', parsedatetime('17-09-2012 18:47:52.69', 'dd-MM-yyyy hh:mm:ss.SS'), NULL, 'admin');
INSERT INTO `Cuentas` (`numero`, `entidad_id`, `estado`, `tipo_cuenta`, `fecha_creacion`, `fecha_activacion`, `fecha_desactivacion`, `predeterminada`, `cliente_id`, `moneda_id`, `adm_creacion`, `adm_actualizacion`, `adm_usuario`) VALUES ('111111111111111025', 1, 'A', 'CUENTA_CORRIENTE'  , '2010-01-01', '2010-01-02', NULL, 0, 25, 'CRC', parsedatetime('17-09-2012 18:47:52.69', 'dd-MM-yyyy hh:mm:ss.SS'), NULL, 'admin');
INSERT INTO `Cuentas` (`numero`, `entidad_id`, `estado`, `tipo_cuenta`, `fecha_creacion`, `fecha_activacion`, `fecha_desactivacion`, `predeterminada`, `cliente_id`, `moneda_id`, `adm_creacion`, `adm_actualizacion`, `adm_usuario`) VALUES ('111111111111111026', 1, 'A', 'CUENTA_CORRIENTE'  , '2010-01-01', '2010-01-02', NULL, 0, 26, 'USD', parsedatetime('17-09-2012 18:47:52.69', 'dd-MM-yyyy hh:mm:ss.SS'), NULL, 'admin');
INSERT INTO `Cuentas` (`numero`, `entidad_id`, `estado`, `tipo_cuenta`, `fecha_creacion`, `fecha_activacion`, `fecha_desactivacion`, `predeterminada`, `cliente_id`, `moneda_id`, `adm_creacion`, `adm_actualizacion`, `adm_usuario`) VALUES ('111111111111111027', 1, 'A', 'CUENTA_CORPORATIVA', '2010-01-01', '2010-01-02', NULL, 0, 27, 'CRC', parsedatetime('17-09-2012 18:47:52.69', 'dd-MM-yyyy hh:mm:ss.SS'), NULL, 'admin');
INSERT INTO `Cuentas` (`numero`, `entidad_id`, `estado`, `tipo_cuenta`, `fecha_creacion`, `fecha_activacion`, `fecha_desactivacion`, `predeterminada`, `cliente_id`, `moneda_id`, `adm_creacion`, `adm_actualizacion`, `adm_usuario`) VALUES ('111111111111111028', 1, 'A', 'CUENTA_CORRIENTE'  , '2010-01-01', '2010-01-02', NULL, 0, 28, 'CRC', parsedatetime('17-09-2012 18:47:52.69', 'dd-MM-yyyy hh:mm:ss.SS'), NULL, 'admin');
INSERT INTO `Cuentas` (`numero`, `entidad_id`, `estado`, `tipo_cuenta`, `fecha_creacion`, `fecha_activacion`, `fecha_desactivacion`, `predeterminada`, `cliente_id`, `moneda_id`, `adm_creacion`, `adm_actualizacion`, `adm_usuario`) VALUES ('111111111111111029', 1, 'A', 'CUENTA_CORPORATIVA', '2010-01-01', '2010-01-02', NULL, 0, 29, 'USD', parsedatetime('17-09-2012 18:47:52.69', 'dd-MM-yyyy hh:mm:ss.SS'), NULL, 'admin');
INSERT INTO `Cuentas` (`numero`, `entidad_id`, `estado`, `tipo_cuenta`, `fecha_creacion`, `fecha_activacion`, `fecha_desactivacion`, `predeterminada`, `cliente_id`, `moneda_id`, `adm_creacion`, `adm_actualizacion`, `adm_usuario`) VALUES ('111111111111111030', 1, 'A', 'CUENTA_CORRIENTE'  , '2010-01-01', '2010-01-02', NULL, 0, 30, 'CRC', parsedatetime('17-09-2012 18:47:52.69', 'dd-MM-yyyy hh:mm:ss.SS'), NULL, 'admin');
INSERT INTO `Cuentas` (`numero`, `entidad_id`, `estado`, `tipo_cuenta`, `fecha_creacion`, `fecha_activacion`, `fecha_desactivacion`, `predeterminada`, `cliente_id`, `moneda_id`, `adm_creacion`, `adm_actualizacion`, `adm_usuario`) VALUES ('111111111111111031', 1, 'A', 'CUENTA_CORPORATIVA', '2010-01-01', '2010-01-02', NULL, 0, 31, 'CRC', parsedatetime('17-09-2012 18:47:52.69', 'dd-MM-yyyy hh:mm:ss.SS'), NULL, 'admin');
INSERT INTO `Cuentas` (`numero`, `entidad_id`, `estado`, `tipo_cuenta`, `fecha_creacion`, `fecha_activacion`, `fecha_desactivacion`, `predeterminada`, `cliente_id`, `moneda_id`, `adm_creacion`, `adm_actualizacion`, `adm_usuario`) VALUES ('111111111111111032', 1, 'A', 'CUENTA_CORPORATIVA', '2010-01-01', '2010-01-02', NULL, 0, 32, 'USD', parsedatetime('17-09-2012 18:47:52.69', 'dd-MM-yyyy hh:mm:ss.SS'), NULL, 'admin');



INSERT INTO `EstadoCuentas` (`id`, `fecha`, `saldoactual`, `saldoanterior`, `cuenta_numero`, `estado`, `entidad_id`) VALUES ( 1, '2014-01-01', 15500.00, 10000.00, '111111111111111001','A', 1);
INSERT INTO `EstadoCuentas` (`id`, `fecha`, `saldoactual`, `saldoanterior`, `cuenta_numero`, `estado`, `entidad_id`) VALUES ( 2, '2014-02-01', 16500.00, 15500.00, '111111111111111001','A', 1);
INSERT INTO `EstadoCuentas` (`id`, `fecha`, `saldoactual`, `saldoanterior`, `cuenta_numero`, `estado`, `entidad_id`) VALUES ( 3, '2014-03-01', 17500.00, 16500.00, '111111111111111001','A', 1);
INSERT INTO `EstadoCuentas` (`id`, `fecha`, `saldoactual`, `saldoanterior`, `cuenta_numero`, `estado`, `entidad_id`) VALUES ( 4, '2014-04-01', 18500.00, 17500.00, '111111111111111001','A', 1);
INSERT INTO `EstadoCuentas` (`id`, `fecha`, `saldoactual`, `saldoanterior`, `cuenta_numero`, `estado`, `entidad_id`) VALUES ( 5, '2014-05-01', 18500.00, 18500.00, '111111111111111001','A', 1);
INSERT INTO `EstadoCuentas` (`id`, `fecha`, `saldoactual`, `saldoanterior`, `cuenta_numero`, `estado`, `entidad_id`) VALUES ( 6, '2014-06-01', 19500.00, 18500.00, '111111111111111001','A', 1);
INSERT INTO `EstadoCuentas` (`id`, `fecha`, `saldoactual`, `saldoanterior`, `cuenta_numero`, `estado`, `entidad_id`) VALUES ( 7, '2014-07-01', 20000.00, 19500.00, '111111111111111001','A', 1);
INSERT INTO `EstadoCuentas` (`id`, `fecha`, `saldoactual`, `saldoanterior`, `cuenta_numero`, `estado`, `entidad_id`) VALUES ( 8, '2014-01-01', 15500.00, 10000.00, '111111111111111002','A', 1);
INSERT INTO `EstadoCuentas` (`id`, `fecha`, `saldoactual`, `saldoanterior`, `cuenta_numero`, `estado`, `entidad_id`) VALUES ( 9, '2014-02-01', 16500.00, 15500.00, '111111111111111002','A', 1);
INSERT INTO `EstadoCuentas` (`id`, `fecha`, `saldoactual`, `saldoanterior`, `cuenta_numero`, `estado`, `entidad_id`) VALUES (10, '2014-03-01', 17500.00, 16500.00, '111111111111111002','A', 1);
INSERT INTO `EstadoCuentas` (`id`, `fecha`, `saldoactual`, `saldoanterior`, `cuenta_numero`, `estado`, `entidad_id`) VALUES (11, '2014-04-01', 18500.00, 17500.00, '111111111111111002','A', 1);
INSERT INTO `EstadoCuentas` (`id`, `fecha`, `saldoactual`, `saldoanterior`, `cuenta_numero`, `estado`, `entidad_id`) VALUES (12, '2014-05-01', 18500.00, 18500.00, '111111111111111002','A', 1);
INSERT INTO `EstadoCuentas` (`id`, `fecha`, `saldoactual`, `saldoanterior`, `cuenta_numero`, `estado`, `entidad_id`) VALUES (13, '2014-06-01', 19500.00, 18500.00, '111111111111111002','A', 1);
INSERT INTO `EstadoCuentas` (`id`, `fecha`, `saldoactual`, `saldoanterior`, `cuenta_numero`, `estado`, `entidad_id`) VALUES (14, '2014-07-01', 20000.00, 19500.00, '111111111111111002','A', 1);
INSERT INTO `EstadoCuentas` (`id`, `fecha`, `saldoactual`, `saldoanterior`, `cuenta_numero`, `estado`, `entidad_id`) VALUES (15, '2014-01-01', 15500.00, 10000.00, '111111111111111003','A', 1);
INSERT INTO `EstadoCuentas` (`id`, `fecha`, `saldoactual`, `saldoanterior`, `cuenta_numero`, `estado`, `entidad_id`) VALUES (16, '2014-02-01', 16500.00, 15500.00, '111111111111111003','A', 1);
INSERT INTO `EstadoCuentas` (`id`, `fecha`, `saldoactual`, `saldoanterior`, `cuenta_numero`, `estado`, `entidad_id`) VALUES (17, '2014-03-01', 17500.00, 16500.00, '111111111111111003','A', 1);
INSERT INTO `EstadoCuentas` (`id`, `fecha`, `saldoactual`, `saldoanterior`, `cuenta_numero`, `estado`, `entidad_id`) VALUES (18, '2014-04-01', 18500.00, 17500.00, '111111111111111003','A', 1);
INSERT INTO `EstadoCuentas` (`id`, `fecha`, `saldoactual`, `saldoanterior`, `cuenta_numero`, `estado`, `entidad_id`) VALUES (19, '2014-05-01', 18500.00, 18500.00, '111111111111111003','A', 1);
INSERT INTO `EstadoCuentas` (`id`, `fecha`, `saldoactual`, `saldoanterior`, `cuenta_numero`, `estado`, `entidad_id`) VALUES (20, '2014-06-01', 19500.00, 18500.00, '111111111111111003','A', 1);
INSERT INTO `EstadoCuentas` (`id`, `fecha`, `saldoactual`, `saldoanterior`, `cuenta_numero`, `estado`, `entidad_id`) VALUES (21, '2014-07-01', 20000.00, 19500.00, '111111111111111003','A', 1);
INSERT INTO `EstadoCuentas` (`id`, `fecha`, `saldoactual`, `saldoanterior`, `cuenta_numero`, `estado`, `entidad_id`) VALUES (22, '2014-01-01', 15500.00, 10000.00, '111111111111111004','A', 1);
INSERT INTO `EstadoCuentas` (`id`, `fecha`, `saldoactual`, `saldoanterior`, `cuenta_numero`, `estado`, `entidad_id`) VALUES (23, '2014-02-01', 16500.00, 15500.00, '111111111111111004','A', 1);
INSERT INTO `EstadoCuentas` (`id`, `fecha`, `saldoactual`, `saldoanterior`, `cuenta_numero`, `estado`, `entidad_id`) VALUES (24, '2014-03-01', 17500.00, 16500.00, '111111111111111004','A', 1);
INSERT INTO `EstadoCuentas` (`id`, `fecha`, `saldoactual`, `saldoanterior`, `cuenta_numero`, `estado`, `entidad_id`) VALUES (25, '2014-04-01', 18500.00, 17500.00, '111111111111111004','A', 1);
INSERT INTO `EstadoCuentas` (`id`, `fecha`, `saldoactual`, `saldoanterior`, `cuenta_numero`, `estado`, `entidad_id`) VALUES (26, '2014-05-01', 18500.00, 18500.00, '111111111111111004','A', 1);
INSERT INTO `EstadoCuentas` (`id`, `fecha`, `saldoactual`, `saldoanterior`, `cuenta_numero`, `estado`, `entidad_id`) VALUES (27, '2014-06-01', 19500.00, 18500.00, '111111111111111004','A', 1);
INSERT INTO `EstadoCuentas` (`id`, `fecha`, `saldoactual`, `saldoanterior`, `cuenta_numero`, `estado`, `entidad_id`) VALUES (28, '2014-07-01', 20000.00, 19500.00, '111111111111111004','A', 1); 



INSERT INTO `Tarjetas` (`numero`, `ultimos4`, `tipo_tarjeta`, `marca`, `cliente_id`, `entidad_id`, `cuenta_numero`, `fecha_vencimiento`,`adm_creacion`, `adm_actualizacion`, `adm_usuario`) VALUES ('4000000000000000000', '0000', 'DEBITO',  'VISA'      , 1, 1, '111111111111111001','2017-07-01', parsedatetime('17-09-2012 18:47:52.69', 'dd-MM-yyyy hh:mm:ss.SS'), NULL, 'admin');
INSERT INTO `Tarjetas` (`numero`, `ultimos4`, `tipo_tarjeta`, `marca`, `cliente_id`, `entidad_id`, `cuenta_numero`, `fecha_vencimiento`,`adm_creacion`, `adm_actualizacion`, `adm_usuario`) VALUES ('5000000000000000000', '0000', 'DEBITO',  'MASTERCARD', 2, 1, '111111111111111002','2017-07-01', parsedatetime('17-09-2012 18:47:52.69', 'dd-MM-yyyy hh:mm:ss.SS'), NULL, 'admin');
INSERT INTO `Tarjetas` (`numero`, `ultimos4`, `tipo_tarjeta`, `marca`, `cliente_id`, `entidad_id`, `cuenta_numero`, `fecha_vencimiento`,`adm_creacion`, `adm_actualizacion`, `adm_usuario`) VALUES ('4000000000000000001', '0001', 'DEBITO',  'VISA'      , 3, 1, '111111111111111003','2017-07-01', parsedatetime('17-09-2012 18:47:52.69', 'dd-MM-yyyy hh:mm:ss.SS'), NULL, 'admin');
INSERT INTO `Tarjetas` (`numero`, `ultimos4`, `tipo_tarjeta`, `marca`, `cliente_id`, `entidad_id`, `cuenta_numero`, `fecha_vencimiento`,`adm_creacion`, `adm_actualizacion`, `adm_usuario`) VALUES ('5000000000000000001', '0001', 'DEBITO',  'MASTERCARD', 4, 1, '111111111111111004','2017-07-01', parsedatetime('17-09-2012 18:47:52.69', 'dd-MM-yyyy hh:mm:ss.SS'), NULL, 'admin');
INSERT INTO `Tarjetas` (`numero`, `ultimos4`, `tipo_tarjeta`, `marca`, `cliente_id`, `entidad_id`, `cuenta_numero`, `fecha_vencimiento`,`adm_creacion`, `adm_actualizacion`, `adm_usuario`) VALUES ('4000000000000000002', '0002', 'DEBITO',  'VISA'      , 5, 1, '111111111111111005','2017-07-01', parsedatetime('17-09-2012 18:47:52.69', 'dd-MM-yyyy hh:mm:ss.SS'), NULL, 'admin');
INSERT INTO `Tarjetas` (`numero`, `ultimos4`, `tipo_tarjeta`, `marca`, `cliente_id`, `entidad_id`, `cuenta_numero`, `fecha_vencimiento`,`adm_creacion`, `adm_actualizacion`, `adm_usuario`) VALUES ('5000000000000000002', '0002', 'DEBITO',  'MASTERCARD', 6, 1, '111111111111111006','2017-07-01', parsedatetime('17-09-2012 18:47:52.69', 'dd-MM-yyyy hh:mm:ss.SS'), NULL, 'admin');
INSERT INTO `Tarjetas` (`numero`, `ultimos4`, `tipo_tarjeta`, `marca`, `cliente_id`, `entidad_id`, `cuenta_numero`, `fecha_vencimiento`,`adm_creacion`, `adm_actualizacion`, `adm_usuario`) VALUES ('4000000000000000003', '0003', 'DEBITO',  'VISA'      , 7, 1, '111111111111111007','2017-07-01', parsedatetime('17-09-2012 18:47:52.69', 'dd-MM-yyyy hh:mm:ss.SS'), NULL, 'admin');
INSERT INTO `Tarjetas` (`numero`, `ultimos4`, `tipo_tarjeta`, `marca`, `cliente_id`, `entidad_id`, `cuenta_numero`, `fecha_vencimiento`,`adm_creacion`, `adm_actualizacion`, `adm_usuario`) VALUES ('5000000000000000003', '0003', 'DEBITO',  'MASTERCARD', 8, 1, '111111111111111008','2017-07-01', parsedatetime('17-09-2012 18:47:52.69', 'dd-MM-yyyy hh:mm:ss.SS'), NULL, 'admin');
INSERT INTO `Tarjetas` (`numero`, `ultimos4`, `tipo_tarjeta`, `marca`, `cliente_id`, `entidad_id`, `cuenta_numero`, `fecha_vencimiento`,`adm_creacion`, `adm_actualizacion`, `adm_usuario`) VALUES ('4000000000000000004', '0004', 'DEBITO',  'VISA'      , 9, 1, '111111111111111009','2017-07-01', parsedatetime('17-09-2012 18:47:52.69', 'dd-MM-yyyy hh:mm:ss.SS'), NULL, 'admin');
INSERT INTO `Tarjetas` (`numero`, `ultimos4`, `tipo_tarjeta`, `marca`, `cliente_id`, `entidad_id`, `cuenta_numero`, `fecha_vencimiento`,`adm_creacion`, `adm_actualizacion`, `adm_usuario`) VALUES ('5000000000000000004', '0004', 'DEBITO',  'MASTERCARD',10, 1, '111111111111111010','2017-07-01', parsedatetime('17-09-2012 18:47:52.69', 'dd-MM-yyyy hh:mm:ss.SS'), NULL, 'admin');
INSERT INTO `Tarjetas` (`numero`, `ultimos4`, `tipo_tarjeta`, `marca`, `cliente_id`, `entidad_id`, `cuenta_numero`, `fecha_vencimiento`,`adm_creacion`, `adm_actualizacion`, `adm_usuario`) VALUES ('4000000000000000005', '0005', 'DEBITO',  'VISA'      ,11, 1, '111111111111111011','2017-07-01', parsedatetime('17-09-2012 18:47:52.69', 'dd-MM-yyyy hh:mm:ss.SS'), NULL, 'admin');
INSERT INTO `Tarjetas` (`numero`, `ultimos4`, `tipo_tarjeta`, `marca`, `cliente_id`, `entidad_id`, `cuenta_numero`, `fecha_vencimiento`,`adm_creacion`, `adm_actualizacion`, `adm_usuario`) VALUES ('5000000000000000005', '0005', 'DEBITO',  'MASTERCARD',12, 1, '111111111111111012','2017-07-01', parsedatetime('17-09-2012 18:47:52.69', 'dd-MM-yyyy hh:mm:ss.SS'), NULL, 'admin');
INSERT INTO `Tarjetas` (`numero`, `ultimos4`, `tipo_tarjeta`, `marca`, `cliente_id`, `entidad_id`, `cuenta_numero`, `fecha_vencimiento`,`adm_creacion`, `adm_actualizacion`, `adm_usuario`) VALUES ('4000000000000000006', '0006', 'DEBITO',  'VISA'      ,13, 1, '111111111111111013','2017-07-01', parsedatetime('17-09-2012 18:47:52.69', 'dd-MM-yyyy hh:mm:ss.SS'), NULL, 'admin');
INSERT INTO `Tarjetas` (`numero`, `ultimos4`, `tipo_tarjeta`, `marca`, `cliente_id`, `entidad_id`, `cuenta_numero`, `fecha_vencimiento`,`adm_creacion`, `adm_actualizacion`, `adm_usuario`) VALUES ('5000000000000000006', '0006', 'DEBITO',  'MASTERCARD',14, 1, '111111111111111014','2017-07-01', parsedatetime('17-09-2012 18:47:52.69', 'dd-MM-yyyy hh:mm:ss.SS'), NULL, 'admin');
INSERT INTO `Tarjetas` (`numero`, `ultimos4`, `tipo_tarjeta`, `marca`, `cliente_id`, `entidad_id`, `cuenta_numero`, `fecha_vencimiento`,`adm_creacion`, `adm_actualizacion`, `adm_usuario`) VALUES ('4000000000000000007', '0007', 'CREDITO', 'VISA'      ,15, 1, '111111111111111015','2017-07-01', parsedatetime('17-09-2012 18:47:52.69', 'dd-MM-yyyy hh:mm:ss.SS'), NULL, 'admin');
INSERT INTO `Tarjetas` (`numero`, `ultimos4`, `tipo_tarjeta`, `marca`, `cliente_id`, `entidad_id`, `cuenta_numero`, `fecha_vencimiento`,`adm_creacion`, `adm_actualizacion`, `adm_usuario`) VALUES ('5000000000000000007', '0007', 'CREDITO', 'MASTERCARD',16, 1, '111111111111111016','2017-07-01', parsedatetime('17-09-2012 18:47:52.69', 'dd-MM-yyyy hh:mm:ss.SS'), NULL, 'admin');
INSERT INTO `Tarjetas` (`numero`, `ultimos4`, `tipo_tarjeta`, `marca`, `cliente_id`, `entidad_id`, `cuenta_numero`, `fecha_vencimiento`,`adm_creacion`, `adm_actualizacion`, `adm_usuario`) VALUES ('4000000000000000008', '0008', 'CREDITO', 'VISA'      ,17, 1, '111111111111111017','2017-07-01', parsedatetime('17-09-2012 18:47:52.69', 'dd-MM-yyyy hh:mm:ss.SS'), NULL, 'admin');
INSERT INTO `Tarjetas` (`numero`, `ultimos4`, `tipo_tarjeta`, `marca`, `cliente_id`, `entidad_id`, `cuenta_numero`, `fecha_vencimiento`,`adm_creacion`, `adm_actualizacion`, `adm_usuario`) VALUES ('5000000000000000008', '0008', 'CREDITO', 'MASTERCARD',18, 1, '111111111111111018','2017-07-01', parsedatetime('17-09-2012 18:47:52.69', 'dd-MM-yyyy hh:mm:ss.SS'), NULL, 'admin');
INSERT INTO `Tarjetas` (`numero`, `ultimos4`, `tipo_tarjeta`, `marca`, `cliente_id`, `entidad_id`, `cuenta_numero`, `fecha_vencimiento`,`adm_creacion`, `adm_actualizacion`, `adm_usuario`) VALUES ('4000000000000000009', '0009', 'CREDITO', 'VISA'      ,19, 1, '111111111111111019','2017-07-01', parsedatetime('17-09-2012 18:47:52.69', 'dd-MM-yyyy hh:mm:ss.SS'), NULL, 'admin');
INSERT INTO `Tarjetas` (`numero`, `ultimos4`, `tipo_tarjeta`, `marca`, `cliente_id`, `entidad_id`, `cuenta_numero`, `fecha_vencimiento`,`adm_creacion`, `adm_actualizacion`, `adm_usuario`) VALUES ('5000000000000000009', '0009', 'CREDITO', 'MASTERCARD',20, 1, '111111111111111020','2017-07-01', parsedatetime('17-09-2012 18:47:52.69', 'dd-MM-yyyy hh:mm:ss.SS'), NULL, 'admin');
INSERT INTO `Tarjetas` (`numero`, `ultimos4`, `tipo_tarjeta`, `marca`, `cliente_id`, `entidad_id`, `cuenta_numero`, `fecha_vencimiento`,`adm_creacion`, `adm_actualizacion`, `adm_usuario`) VALUES ('4000000000000000010', '0010', 'CREDITO', 'VISA'      ,21, 1, '111111111111111021','2017-07-01', parsedatetime('17-09-2012 18:47:52.69', 'dd-MM-yyyy hh:mm:ss.SS'), NULL, 'admin');
INSERT INTO `Tarjetas` (`numero`, `ultimos4`, `tipo_tarjeta`, `marca`, `cliente_id`, `entidad_id`, `cuenta_numero`, `fecha_vencimiento`,`adm_creacion`, `adm_actualizacion`, `adm_usuario`) VALUES ('5000000000000000010', '0010', 'CREDITO', 'MASTERCARD',22, 1, '111111111111111022','2017-07-01', parsedatetime('17-09-2012 18:47:52.69', 'dd-MM-yyyy hh:mm:ss.SS'), NULL, 'admin');
INSERT INTO `Tarjetas` (`numero`, `ultimos4`, `tipo_tarjeta`, `marca`, `cliente_id`, `entidad_id`, `cuenta_numero`, `fecha_vencimiento`,`adm_creacion`, `adm_actualizacion`, `adm_usuario`) VALUES ('4000000000000000011', '0012', 'CREDITO', 'VISA'      ,23, 1, '111111111111111023','2017-07-01', parsedatetime('17-09-2012 18:47:52.69', 'dd-MM-yyyy hh:mm:ss.SS'), NULL, 'admin');
INSERT INTO `Tarjetas` (`numero`, `ultimos4`, `tipo_tarjeta`, `marca`, `cliente_id`, `entidad_id`, `cuenta_numero`, `fecha_vencimiento`,`adm_creacion`, `adm_actualizacion`, `adm_usuario`) VALUES ('5000000000000000012', '0012', 'CREDITO', 'MASTERCARD',24, 1, '111111111111111024','2017-07-01', parsedatetime('17-09-2012 18:47:52.69', 'dd-MM-yyyy hh:mm:ss.SS'), NULL, 'admin');
INSERT INTO `Tarjetas` (`numero`, `ultimos4`, `tipo_tarjeta`, `marca`, `cliente_id`, `entidad_id`, `cuenta_numero`, `fecha_vencimiento`,`adm_creacion`, `adm_actualizacion`, `adm_usuario`) VALUES ('4000000000000000013', '0013', 'CREDITO', 'VISA'      ,25, 1, '111111111111111025','2017-07-01', parsedatetime('17-09-2012 18:47:52.69', 'dd-MM-yyyy hh:mm:ss.SS'), NULL, 'admin');
INSERT INTO `Tarjetas` (`numero`, `ultimos4`, `tipo_tarjeta`, `marca`, `cliente_id`, `entidad_id`, `cuenta_numero`, `fecha_vencimiento`,`adm_creacion`, `adm_actualizacion`, `adm_usuario`) VALUES ('5000000000000000013', '0013', 'CREDITO', 'MASTERCARD',26, 1, '111111111111111026','2017-07-01', parsedatetime('17-09-2012 18:47:52.69', 'dd-MM-yyyy hh:mm:ss.SS'), NULL, 'admin');
INSERT INTO `Tarjetas` (`numero`, `ultimos4`, `tipo_tarjeta`, `marca`, `cliente_id`, `entidad_id`, `cuenta_numero`, `fecha_vencimiento`,`adm_creacion`, `adm_actualizacion`, `adm_usuario`) VALUES ('4000000000000000014', '0014', 'CREDITO', 'VISA'      ,27, 1, '111111111111111027','2017-07-01', parsedatetime('17-09-2012 18:47:52.69', 'dd-MM-yyyy hh:mm:ss.SS'), NULL, 'admin');
INSERT INTO `Tarjetas` (`numero`, `ultimos4`, `tipo_tarjeta`, `marca`, `cliente_id`, `entidad_id`, `cuenta_numero`, `fecha_vencimiento`,`adm_creacion`, `adm_actualizacion`, `adm_usuario`) VALUES ('5000000000000000014', '0014', 'CREDITO', 'MASTERCARD',28, 1, '111111111111111028','2017-07-01', parsedatetime('17-09-2012 18:47:52.69', 'dd-MM-yyyy hh:mm:ss.SS'), NULL, 'admin');



--//Transacciones de venta
INSERT INTO `Transacciones` (`id`, `identificacion`, `referencia`, `fecha`, `estado`, `valor`, `tarjeta_numero`, `cuentaorigen_numero`, `cuentadestino_numero`, `entidadorigen_id`, `entidaddestino_id`, `comercio_id`, `moneda_id`, `tipocambio_id`, `tipotransaccion`) VALUES (101, 'fact00001', '0000001', '2014-01-01', 'A', 1000.00, '4000000000000000000', NULL, NULL, NULL, 1, 1, 'CRC', 1, '01');
INSERT INTO `Transacciones` (`id`, `identificacion`, `referencia`, `fecha`, `estado`, `valor`, `tarjeta_numero`, `cuentaorigen_numero`, `cuentadestino_numero`, `entidadorigen_id`, `entidaddestino_id`, `comercio_id`, `moneda_id`, `tipocambio_id`, `tipotransaccion`) VALUES (102, 'fact00002', '0000002', '2014-01-01', 'D', 1100.00, '4000000000000000001', NULL, NULL, NULL, 1, 1, 'CRC', 1, '01');
INSERT INTO `Transacciones` (`id`, `identificacion`, `referencia`, `fecha`, `estado`, `valor`, `tarjeta_numero`, `cuentaorigen_numero`, `cuentadestino_numero`, `entidadorigen_id`, `entidaddestino_id`, `comercio_id`, `moneda_id`, `tipocambio_id`, `tipotransaccion`) VALUES (103, 'fact00003', '0000003', '2014-01-01', 'A', 1150.00, '4000000000000000001', NULL, NULL, NULL, 1, 1, 'CRC', 1, '01');
INSERT INTO `Transacciones` (`id`, `identificacion`, `referencia`, `fecha`, `estado`, `valor`, `tarjeta_numero`, `cuentaorigen_numero`, `cuentadestino_numero`, `entidadorigen_id`, `entidaddestino_id`, `comercio_id`, `moneda_id`, `tipocambio_id`, `tipotransaccion`) VALUES (104, 'fact00004', '0000004', '2014-01-01', 'A', 2150.00, '4000000000000000002', NULL, NULL, NULL, 1, 1, 'CRC', 1, '01');
INSERT INTO `Transacciones` (`id`, `identificacion`, `referencia`, `fecha`, `estado`, `valor`, `tarjeta_numero`, `cuentaorigen_numero`, `cuentadestino_numero`, `entidadorigen_id`, `entidaddestino_id`, `comercio_id`, `moneda_id`, `tipocambio_id`, `tipotransaccion`) VALUES (105, 'fact00005', '0000005', '2014-01-01', 'T', 3156.00, '4000000000000000002', NULL, NULL, NULL, 1, 1, 'CRC', 1, '01');
INSERT INTO `Transacciones` (`id`, `identificacion`, `referencia`, `fecha`, `estado`, `valor`, `tarjeta_numero`, `cuentaorigen_numero`, `cuentadestino_numero`, `entidadorigen_id`, `entidaddestino_id`, `comercio_id`, `moneda_id`, `tipocambio_id`, `tipotransaccion`) VALUES (106, 'fact00006', '0000006', '2014-01-01', 'A', 1252.00, '4000000000000000003', NULL, NULL, NULL, 1, 1, 'CRC', 1, '01');
INSERT INTO `Transacciones` (`id`, `identificacion`, `referencia`, `fecha`, `estado`, `valor`, `tarjeta_numero`, `cuentaorigen_numero`, `cuentadestino_numero`, `entidadorigen_id`, `entidaddestino_id`, `comercio_id`, `moneda_id`, `tipocambio_id`, `tipotransaccion`) VALUES (107, 'fact00007', '0000007', '2014-01-01', 'A', 1800.00, '4000000000000000003', NULL, NULL, NULL, 1, 1, 'CRC', 1, '01');
INSERT INTO `Transacciones` (`id`, `identificacion`, `referencia`, `fecha`, `estado`, `valor`, `tarjeta_numero`, `cuentaorigen_numero`, `cuentadestino_numero`, `entidadorigen_id`, `entidaddestino_id`, `comercio_id`, `moneda_id`, `tipocambio_id`, `tipotransaccion`) VALUES (108, 'fact00008', '0000008', '2014-01-01', 'T', 4900.00, '4000000000000000004', NULL, NULL, NULL, 1, 1, 'CRC', 1, '01');
INSERT INTO `Transacciones` (`id`, `identificacion`, `referencia`, `fecha`, `estado`, `valor`, `tarjeta_numero`, `cuentaorigen_numero`, `cuentadestino_numero`, `entidadorigen_id`, `entidaddestino_id`, `comercio_id`, `moneda_id`, `tipocambio_id`, `tipotransaccion`) VALUES (109, 'fact00009', '0000009', '2014-01-01', 'A', 9800.00, '4000000000000000004', NULL, NULL, NULL, 1, 1, 'CRC', 1, '01');
INSERT INTO `Transacciones` (`id`, `identificacion`, `referencia`, `fecha`, `estado`, `valor`, `tarjeta_numero`, `cuentaorigen_numero`, `cuentadestino_numero`, `entidadorigen_id`, `entidaddestino_id`, `comercio_id`, `moneda_id`, `tipocambio_id`, `tipotransaccion`) VALUES (110, 'fact00010', '0000010', '2014-01-01', 'A', 8500.00, '4000000000000000005', NULL, NULL, NULL, 1, 1, 'CRC', 1, '01');
INSERT INTO `Transacciones` (`id`, `identificacion`, `referencia`, `fecha`, `estado`, `valor`, `tarjeta_numero`, `cuentaorigen_numero`, `cuentadestino_numero`, `entidadorigen_id`, `entidaddestino_id`, `comercio_id`, `moneda_id`, `tipocambio_id`, `tipotransaccion`) VALUES (111, 'fact00011', '0000011', '2014-01-01', 'I', 6450.00, '4000000000000000005', NULL, NULL, NULL, 1, 1, 'CRC', 1, '01');


--//Transacciones deposito
INSERT INTO `Transacciones` (`id`, `identificacion`, `referencia`, `fecha`, `estado`, `valor`, `tarjeta_numero`, `cuentaorigen_numero`, `cuentadestino_numero`, `entidadorigen_id`, `entidaddestino_id`, `comercio_id`, `moneda_id`, `tipocambio_id`, `tipotransaccion`) VALUES (201, 'BANCO00001', '00D0001', '2014-01-01', 'A', 1000.00, NULL                 , NULL, '111111111111111001', NULL, 1, NULL, 'CRC', 1, '02');
INSERT INTO `Transacciones` (`id`, `identificacion`, `referencia`, `fecha`, `estado`, `valor`, `tarjeta_numero`, `cuentaorigen_numero`, `cuentadestino_numero`, `entidadorigen_id`, `entidaddestino_id`, `comercio_id`, `moneda_id`, `tipocambio_id`, `tipotransaccion`) VALUES (202, 'BANCO00002', '00D0002', '2014-01-01', 'A', 1500.00, NULL                 , NULL, '111111111111111002', NULL, 1, NULL, 'CRC', 1, '02');
INSERT INTO `Transacciones` (`id`, `identificacion`, `referencia`, `fecha`, `estado`, `valor`, `tarjeta_numero`, `cuentaorigen_numero`, `cuentadestino_numero`, `entidadorigen_id`, `entidaddestino_id`, `comercio_id`, `moneda_id`, `tipocambio_id`, `tipotransaccion`) VALUES (203, 'BANCO00003', '00D0003', '2014-01-01', 'A', 1300.00, NULL                 , NULL, '111111111111111003', NULL, 1, NULL, 'CRC', 1, '02');
INSERT INTO `Transacciones` (`id`, `identificacion`, `referencia`, `fecha`, `estado`, `valor`, `tarjeta_numero`, `cuentaorigen_numero`, `cuentadestino_numero`, `entidadorigen_id`, `entidaddestino_id`, `comercio_id`, `moneda_id`, `tipocambio_id`, `tipotransaccion`) VALUES (204, 'BANCO00004', '00D0004', '2014-01-01', 'A', 1400.00, NULL                 , NULL, '111111111111111004', NULL, 1, NULL, 'CRC', 1, '02');
INSERT INTO `Transacciones` (`id`, `identificacion`, `referencia`, `fecha`, `estado`, `valor`, `tarjeta_numero`, `cuentaorigen_numero`, `cuentadestino_numero`, `entidadorigen_id`, `entidaddestino_id`, `comercio_id`, `moneda_id`, `tipocambio_id`, `tipotransaccion`) VALUES (205, 'BANCO00005', '00D0005', '2014-01-01', 'A', 1000.00, NULL                 , NULL, '111111111111111005', NULL, 1, NULL, 'CRC', 1, '02');
INSERT INTO `Transacciones` (`id`, `identificacion`, `referencia`, `fecha`, `estado`, `valor`, `tarjeta_numero`, `cuentaorigen_numero`, `cuentadestino_numero`, `entidadorigen_id`, `entidaddestino_id`, `comercio_id`, `moneda_id`, `tipocambio_id`, `tipotransaccion`) VALUES (206, 'BANCO00006', '00D0006', '2014-01-01', 'A', 1000.00, NULL                 , NULL, '111111111111111006', NULL, 1, NULL, 'CRC', 1, '02');
INSERT INTO `Transacciones` (`id`, `identificacion`, `referencia`, `fecha`, `estado`, `valor`, `tarjeta_numero`, `cuentaorigen_numero`, `cuentadestino_numero`, `entidadorigen_id`, `entidaddestino_id`, `comercio_id`, `moneda_id`, `tipocambio_id`, `tipotransaccion`) VALUES (207, 'BANCO00007', '00D0007', '2014-01-01', 'A', 1000.00, NULL                 , NULL, '111111111111111007', NULL, 1, NULL, 'CRC', 1, '02');
INSERT INTO `Transacciones` (`id`, `identificacion`, `referencia`, `fecha`, `estado`, `valor`, `tarjeta_numero`, `cuentaorigen_numero`, `cuentadestino_numero`, `entidadorigen_id`, `entidaddestino_id`, `comercio_id`, `moneda_id`, `tipocambio_id`, `tipotransaccion`) VALUES (208, 'BANCO00008', '00D0008', '2014-01-01', 'A', 1100.00, NULL                 , NULL, '111111111111111008', NULL, 1, NULL, 'CRC', 1, '02');
INSERT INTO `Transacciones` (`id`, `identificacion`, `referencia`, `fecha`, `estado`, `valor`, `tarjeta_numero`, `cuentaorigen_numero`, `cuentadestino_numero`, `entidadorigen_id`, `entidaddestino_id`, `comercio_id`, `moneda_id`, `tipocambio_id`, `tipotransaccion`) VALUES (209, 'BANCO00009', '00D0009', '2014-01-01', 'A', 1200.00, NULL                 , NULL, '111111111111111009', NULL, 1, NULL, 'CRC', 1, '02');
INSERT INTO `Transacciones` (`id`, `identificacion`, `referencia`, `fecha`, `estado`, `valor`, `tarjeta_numero`, `cuentaorigen_numero`, `cuentadestino_numero`, `entidadorigen_id`, `entidaddestino_id`, `comercio_id`, `moneda_id`, `tipocambio_id`, `tipotransaccion`) VALUES (210, 'BANCO00010', '00D0010', '2014-01-01', 'A', 1300.00, NULL                 , NULL, '111111111111111010', NULL, 1, NULL, 'CRC', 1, '02');
INSERT INTO `Transacciones` (`id`, `identificacion`, `referencia`, `fecha`, `estado`, `valor`, `tarjeta_numero`, `cuentaorigen_numero`, `cuentadestino_numero`, `entidadorigen_id`, `entidaddestino_id`, `comercio_id`, `moneda_id`, `tipocambio_id`, `tipotransaccion`) VALUES (211, 'BANCO00011', '00D0011', '2014-01-01', 'A', 1400.00, NULL                 , NULL, '111111111111111011', NULL, 1, NULL, 'CRC', 1, '02');

--//Movimientos 
INSERT INTO `Movimientos` (`id`, `fecha`,`descripcion`, `tipo_movimiento`, `estadocuenta_id`, `transaccion_id`, `tipocambio_id`, `valor`) VALUES ( 1, '2014-01-01','REST INDU', 'VE' , 1, 101, 1, -1000.00);
INSERT INTO `Movimientos` (`id`, `fecha`,`descripcion`, `tipo_movimiento`, `estadocuenta_id`, `transaccion_id`, `tipocambio_id`, `valor`) VALUES ( 2, '2014-01-01','COME TEST', 'VE' , 2, 102, 1, -1000.00);
INSERT INTO `Movimientos` (`id`, `fecha`,`descripcion`, `tipo_movimiento`, `estadocuenta_id`, `transaccion_id`, `tipocambio_id`, `valor`) VALUES ( 3, '2014-01-01','REST TEST', 'VE' , 2, 103, 1, -1000.00);
INSERT INTO `Movimientos` (`id`, `fecha`,`descripcion`, `tipo_movimiento`, `estadocuenta_id`, `transaccion_id`, `tipocambio_id`, `valor`) VALUES ( 4, '2014-01-01','COME TEST', 'VE' , 1, 104, 1, -1000.00);
INSERT INTO `Movimientos` (`id`, `fecha`,`descripcion`, `tipo_movimiento`, `estadocuenta_id`, `transaccion_id`, `tipocambio_id`, `valor`) VALUES ( 5, '2014-01-01','REST INDU', 'VE' , 3, 105, 1, -1000.00);
INSERT INTO `Movimientos` (`id`, `fecha`,`descripcion`, `tipo_movimiento`, `estadocuenta_id`, `transaccion_id`, `tipocambio_id`, `valor`) VALUES ( 6, '2014-01-01','COME TEST', 'VE' , 3, 106, 1, -1000.00);
INSERT INTO `Movimientos` (`id`, `fecha`,`descripcion`, `tipo_movimiento`, `estadocuenta_id`, `transaccion_id`, `tipocambio_id`, `valor`) VALUES ( 7, '2014-01-01','REST TEST', 'VE' , 3, 107, 1, -1000.00);
INSERT INTO `Movimientos` (`id`, `fecha`,`descripcion`, `tipo_movimiento`, `estadocuenta_id`, `transaccion_id`, `tipocambio_id`, `valor`) VALUES ( 8, '2014-01-01','COME TEST', 'VE' , 4, 108, 1, -1000.00);
INSERT INTO `Movimientos` (`id`, `fecha`,`descripcion`, `tipo_movimiento`, `estadocuenta_id`, `transaccion_id`, `tipocambio_id`, `valor`) VALUES ( 9, '2014-01-01','REST INDU', 'VE' , 4, 109, 1, -1000.00);
INSERT INTO `Movimientos` (`id`, `fecha`,`descripcion`, `tipo_movimiento`, `estadocuenta_id`, `transaccion_id`, `tipocambio_id`, `valor`) VALUES (10, '2014-01-01','COME TEST', 'DE' , 4, 110, 1, 1550.00);
INSERT INTO `Movimientos` (`id`, `fecha`,`descripcion`, `tipo_movimiento`, `estadocuenta_id`, `transaccion_id`, `tipocambio_id`, `valor`) VALUES (11, '2014-01-01','REST TEST', 'DE' , 5, 201, 1, 1300.00);
INSERT INTO `Movimientos` (`id`, `fecha`,`descripcion`, `tipo_movimiento`, `estadocuenta_id`, `transaccion_id`, `tipocambio_id`, `valor`) VALUES (12, '2014-01-01','COME TEST', 'DE' , 5, 202, 1, 2500.00);
INSERT INTO `Movimientos` (`id`, `fecha`,`descripcion`, `tipo_movimiento`, `estadocuenta_id`, `transaccion_id`, `tipocambio_id`, `valor`) VALUES (13, '2014-01-01','REST INDU', 'DE' , 6, 203, 1, 1850.00);
INSERT INTO `Movimientos` (`id`, `fecha`,`descripcion`, `tipo_movimiento`, `estadocuenta_id`, `transaccion_id`, `tipocambio_id`, `valor`) VALUES (14, '2014-01-01','COME TEST', 'DE' , 6, 204, 1, 1540.00);
INSERT INTO `Movimientos` (`id`, `fecha`,`descripcion`, `tipo_movimiento`, `estadocuenta_id`, `transaccion_id`, `tipocambio_id`, `valor`) VALUES (15, '2014-01-01','REST TEST', 'DE' , 6, 205, 1, 1150.00);
INSERT INTO `Movimientos` (`id`, `fecha`,`descripcion`, `tipo_movimiento`, `estadocuenta_id`, `transaccion_id`, `tipocambio_id`, `valor`) VALUES (16, '2014-01-01','COME TEST', 'DE' , 6, 206, 1, 1050.00);





